0,3.82723366887383e-15,0,0
0.100000000000009,3.82723366887383e-15,0,0
0.200000000000003,3.82723366887383e-15,0,0
0.299999999999997,3.82723366887383e-15,0,0
0.400000000000006,3.82723366887383e-15,0,0
0.5,3.82723366887383e-15,0,0
0.600000000000009,3.82723366887383e-15,0,0
0.700000000000003,3.82723366887383e-15,0,0
0.799999999999997,3.82723366887383e-15,0,0
0.900000000000006,3.82723366887383e-15,0,0
1,3.82723366887383e-15,0,0
1.10000000000001,3.82723366887383e-15,0,0
1.2,3.82723366887383e-15,0,0
1.3,3.82723366887383e-15,0,0
1.40000000000001,3.82723366887383e-15,0,0
1.5,3.82723366887383e-15,0,0
1.60000000000001,3.82723366887383e-15,0,0
1.7,3.82723366887383e-15,0,0
1.8,3.82723366887383e-15,0,0
1.90000000000001,3.82723366887383e-15,0,0
2,3.82723366887383e-15,0,0
2.10000000000001,3.82723366887383e-15,0,0.00114923861178795
2.2,0.0229847722355846,0.229847722355807,0.00671990895432373
2.3,0.0884286346153908,0.654438623798063,0.0206946359675442
2.40000000000001,0.191065905649056,1.02637271033665,0.0465294764423163
2.5,0.325630903846166,1.3456499819711,0.0871539190204373
2.60000000000001,0.48685794771635,1.61227043870184,0.14497088419472
2.7,0.669481355769251,1.82623408052901,0.221856724308907
2.8,0.868235446514432,1.98754090745181,0.3191612235577
2.90000000000001,1.07785453846157,2.09619091947134,0.437707597986787
3,1.29307295012021,2.15218411658641,0.577792495492787
3.10000000000001,1.508625,2.15552049879795,0.740523285243285
3.2,1.7459907950097,2.373657950097,0.929030680538233
3.3,2.02415711088912,2.78166315879419,1.14694444955242
3.40000000000001,2.33411826939471,3.09961158505585,1.39699379263629
3.5,2.66686859228274,3.32750322888031,1.68100734231592
3.60000000000001,3.01340240130963,3.46533809026891,1.999913163293
3.7,3.3647140182318,3.5131161692217,2.35373875244485
3.8,3.71179776480552,3.47083746573719,2.74161103882449
3.90000000000001,4.04564796278725,3.33850197981732,3.1617563836605
4,4.35725893393327,3.11610971146022,3.61150058035716
4.10000000000001,4.637625,2.80366066066729,4.08816218120302
4.2,4.89560701691732,2.57982016917315,4.59025699739408
4.3,5.14628930690363,2.50682289986315,5.11707153229668
4.40000000000001,5.39000139114835,2.43712084244724,5.66792524139612
4.5,5.62707279084075,2.37071399692399,6.24217053229665
4.60000000000001,5.8578330271702,2.30760236329446,6.83919276472147
4.7,6.08261162132606,2.24778594155864,7.45841025051266
4.8,6.30173809449762,2.19126473171552,8.09927425363125
4.90000000000001,6.51554196787426,2.13803873376641,8.76126899015722
5,6.72435276264526,2.08810794771007,9.44391162828947
5.10000000000001,6.9285,2.04147237354739,10.1469462630239
5.2,7.13219269468969,2.03692694689686,10.8704486584465
5.3,7.33785521376104,2.05662519071354,11.6144984244769
5.40000000000001,7.54314010684685,2.05284893085806,12.3789404259982
5.5,7.74569992357977,2.02559816732921,13.1633847828568
5.60000000000001,7.94318721359256,1.97487290012793,13.9672068698624
5.7,8.13325452651798,1.90067312925416,14.7895473167877
5.8,8.31355441198869,1.80299885470707,15.629312008369
5.90000000000001,8.48173941963747,1.68185007648776,16.4851720843057
6,8.63546209909699,1.53722679459523,17.3555639392606
6.10000000000001,8.772375,1.36912900903017,18.2393185160086
6.2,8.90271653495977,1.3034153495977,19.1362379622736
6.3,9.03567239034206,1.32955855382285,20.0463873831112
6.40000000000001,9.16731602640847,1.31643636066409,20.9694392296026
6.5,9.29372090342053,1.26404877012065,21.9046732988556
6.60000000000001,9.41096048163984,1.17239578219309,22.850976734004
6.7,9.51510822132798,1.04147739688136,23.8068440242077
6.8,9.60223758274648,0.871293614185042,24.7703770046529
6.90000000000001,9.66842202615695,0.661844434104675,25.7392848565518
7,9.70973501182093,0.413129856639783,26.7108841071429
7.10000000000001,9.72225,0.125149881790742,27.6829267151786
7.2,9.71860216071429,-0.0364783928571532,28.6545638303571
7.3,9.71414014285715,-0.0446201785714084,29.62572121875
7.40000000000001,9.709007625,-0.0513251785714375,30.5963390142857
7.5,9.70334828571429,-0.0565933928571294,31.56637171875
7.60000000000001,9.69730580357143,-0.0604248214285841,32.5357882017857
7.7,9.69102385714286,-0.0628194642857128,33.5045717008928
7.8,9.68464612500001,-0.0637773214285598,34.4727198214285
7.90000000000001,9.67831628571429,-0.0632983928571474,35.4402445366071
8,9.67217801785715,-0.0613826785714311,36.4071721875
8.10000000000001,9.66637500000001,-0.0580301785714221,37.3735405752551
8.2,9.66099275510205,-0.0538224489795903,38.3393867028061
8.3,9.65592979591838,-0.0506295918367373,39.3047356568877
8.40000000000001,9.65104928571429,-0.0488051020408165,40.2695988405612
8.5,9.64621438775511,-0.0483489795918501,41.2339739732143
8.60000000000001,9.64128826530613,-0.0492612244897828,42.1978450905612
8.7,9.63613408163266,-0.0515418367347031,43.1611825446428
8.8,9.63061500000001,-0.0551908163265225,44.1239430038265
8.90000000000001,9.62459418367348,-0.0602081632653184,45.0860694528061
9,9.61793479591837,-0.0665938775510244,46.047491192602
9.10000000000001,9.61050000000001,-0.0743479591836626,47.0072912292767
9.2,9.5855007334934,-0.249992665066056,47.9630156508853
9.3,9.52898769867948,-0.565130348139254,48.9117192211134
9.40000000000001,9.44508370588235,-0.839039927971264,49.8508689846789
9.5,9.33791156542617,-1.0717214045618,50.7783442673319
9.60000000000001,9.21159408763506,-1.26317477791109,51.6924366758553
9.7,9.07025408283313,-1.41340004801933,52.5918500980642
9.8,8.91801436134454,-1.52239721488588,53.4757007028061
9.90000000000001,8.75899773349339,-1.59016627851155,54.343516939961
10,8.59732700960384,-1.61670723889546,55.1952395404412
10.1,8.43712500000001,-1.60202009603831,56.0302712791099
10.2,8.26350977337358,-1.73615226626427,56.8466013091887
10.3,8.06309082820413,-2.00418945169449,57.6418672565738
10.4,7.84222811949745,-2.20862708706683,58.4143427426617
10.5,7.60728160225944,-2.34946517238009,59.1629373843494
10.6,7.36461123149592,-2.42670370763522,59.8871967940348
10.7,7.12057696221269,-2.44034269283231,60.5873025796163
10.8,6.88153874941566,-2.39038212797026,61.2640723444926
10.9,6.65385654811062,-2.27682201305042,61.9189596875633
11,6.44389031330347,-2.09966234807155,62.5540542032285
11.1,6.25800000000001,-1.85890313303455,63.1715326309281
11.2,6.09156855399135,-1.66431446008658,63.7728390020745
11.3,5.93455886893763,-1.57009685053725,64.3588269866038
11.4,5.78520082164809,-1.4935804728954,64.9301732421328
11.5,5.64172428893207,-1.43476532716016,65.4873774139594
11.6,5.50235914759885,-1.3936514133322,66.0307621350622
11.7,5.36533527445771,-1.37023873141145,66.560473026101
11.8,5.22888254631797,-1.3645272813974,67.0764786954163
11.9,5.09123083998889,-1.37651706329076,67.5785707390297
12,4.95061003227981,-1.40620807709079,68.0663637406437
12.1,4.80525000000001,-1.45360032279802,68.5391503257287
12.2,4.65048170169954,-1.54768298300471,68.9959528715217
12.3,4.48556921415992,-1.64912487539618,69.4359634368066
12.4,4.3146420915375,-1.70927122622417,69.8587870357829
12.5,4.14182988798873,-1.72812203548775,70.2644416380658
12.6,3.97126215766996,-1.70567730318765,70.6533581686862
12.7,3.80706845473758,-1.64193702932384,71.0263805080905
12.8,3.65337833334802,-1.53690121389564,71.3847654921408
12.9,3.51432134765762,-1.39056985690395,71.7301829121148
13,3.39402705182283,-1.20294295834792,72.0647155147059
13.1,3.29662500000001,-0.974020518228186,72.3903768211256
13.2,3.21660112839367,-0.800238716063411,72.7085159310897
13.3,3.1461810708899,-0.704200575037661,73.0201301810426
13.4,3.08610392816742,-0.600771427224784,73.3262908174962
13.5,3.03710880090498,-0.489951272624395,73.6281429970306
13.6,2.99993478978131,-0.371740111236774,73.9269057862934
13.7,2.97532099547512,-0.246137943061859,74.2238721620004
13.8,2.96400651866517,-0.113144768099532,74.5204090109351
13.9,2.96673046003018,0.0272394136500875,74.8179571299491
14,2.98423192024888,0.175014602187029,75.1180312259615
14.1,3.01725000000001,0.330180797511297,75.4222991889813
14.2,3.06810926039502,0.508592603950154,75.732500811114
14.3,3.13592318225919,0.678139218641694,76.0501276825191
14.4,3.21661424584201,0.806910635828206,76.3762636413808
14.5,3.30610493139295,0.894906855509314,76.7115847739086
14.6,3.40031771916148,0.942127877685322,77.0563594143365
14.7,3.49517508939711,0.948573702356286,77.4104481449238
14.8,3.58659952234928,0.914244329521774,77.7733037959546
14.9,3.67051349826752,0.839139759182316,78.1439714457381
15,3.74283949740126,0.723259991337444,78.5210884206081
15.1,3.79950000000001,0.566605025987488,78.9032146843698
15.2,3.84302527523321,0.435252752332016,79.2892937050198
15.3,3.87855513776609,0.355298625328838,79.6785177812126
15.4,3.90592638609186,0.273712483257615,80.0700628914524
15.5,3.92497581870367,0.190494326118129,80.4630886940923
15.6,3.93554023409472,0.105644153910545,80.856738527335
15.7,3.9374564307582,0.0191619666347786,81.2501394092322
15.8,3.93056120718728,-0.0689522357091688,81.6424020376854
15.9,3.91469136187516,-0.158698453121281,82.0326207904449
16,3.889683693315,-0.250076685601525,82.4198737251106
16.1,3.85537500000001,-0.343086933149944,82.8022187770881
16.2,3.79152603954931,-0.638489604506964,83.1760732412587
16.3,3.68556324386462,-1.05962795684697,83.5377924995951
16.4,3.54882192286287,-1.36741321001746,83.8848654650614
16.5,3.39263738646109,-1.5618453640178,84.2159145816132
16.6,3.22834494457623,-1.64292441884856,84.5306958241983
16.7,3.06727990712526,-1.61065037450976,84.8300986987558
16.8,2.92077758402518,-1.46502323100072,85.1161462422167
16.9,2.80017328519295,-1.20604298832231,85.3919950225036
17,2.71680232054558,-0.833709646473779,85.6619351385309
17.1,2.68200000000001,-0.348023205455673,85.9302625521411
17.2,2.68454827220461,0.0254827220460053,86.1996939068695
17.3,2.70407882236321,0.19530550158604,86.471807926249
17.4,2.73820156522602,0.341227428628116,86.7479443252874
17.5,2.78452641554323,0.463248503172065,87.0292038104678
17.6,2.84066328806504,0.561368725218054,87.3164480797482
17.7,2.90422209754165,0.635588094766115,87.6102998225614
17.8,2.97281275872325,0.685906611815984,87.9111427198155
17.9,3.04404518636005,0.71232427636802,88.2191214438936
18,3.11552929520223,0.714841088421853,88.5341416586538
18.1,3.18487500000001,0.693457047977753,88.8563526957995
18.2,3.259345742915,0.744707429149871,89.1865784248481
18.3,3.34516883805669,0.85823095141695,89.5257568671558
18.4,3.43840000809719,0.932311700404942,89.8744316163461
18.5,3.53509497570852,0.966949676113315,90.2327518383096
18.6,3.63130946356276,0.962144878542447,90.6004722712044
18.7,3.723099194332,0.917897307692384,90.9769532254554
18.8,3.80651989068827,0.834206963562695,91.361160583755
18.9,3.87762727530366,0.711073846153897,91.7516658010626
19,3.93247707085021,0.548497955465544,92.1466459046052
19.1,3.96712500000001,0.346479291497947,92.5442330638788
19.2,3.98461818547225,0.174931854722437,92.9430342938445
19.3,3.99140641384284,0.067882283705828,93.3420370847151
19.4,3.98864940356886,-0.0275701027397379,93.7403448985489
19.5,3.97750687310743,-0.111425304614271,94.1371771692501
19.6,3.95913854091565,-0.183683321917799,94.5318693025684
19.7,3.93470412545062,-0.244344154650345,94.9238726760994
19.8,3.90536334516944,-0.293407802811808,95.3127546392843
19.9,3.8722759185292,-0.330874266402348,95.6981985134101
20,3.83660156398703,-0.35674354542175,96.0800035916095
20.1,3.79950000000001,-0.371015639870204,96.4577365022259
20.2,3.75515821232877,-0.443417876712371,96.8304689660387
20.3,3.69949106392695,-0.556671484018245,97.1972560236871
20.4,3.6362500890411,-0.632409748858497,97.5575278692351
20.5,3.56918682191781,-0.67063267123284,97.9110898501712
20.6,3.50205279680366,-0.671340251141516,98.2581224674087
20.7,3.43859954794521,-0.634532488584527,98.5991813752854
20.8,3.38257860958905,-0.5602093835616,98.9351973815639
20.9,3.33774151598174,-0.448370936073095,99.2674764474315
21,3.30783980136987,-0.299017146118685,99.5976996875
21.1,3.29662500000001,-0.112148013698621,99.9274128354838
21.2,3.29763795967743,0.0101295967741943,100.257368148521
21.3,3.30146830107528,0.038303413978491,100.587813599462
21.4,3.30744071774194,0.0597241666666748,100.918929630511
21.5,3.31487990322581,0.0743918548387068,101.250829153226
21.6,3.32311055107528,0.0823064784946204,101.583557548522
21.7,3.33145735483872,0.0834680376344155,101.917092666667
21.8,3.33924500806452,0.0778765322580588,102.251344827285
21.9,3.34579820430108,0.0655319623655947,102.586156819355
22,3.35044163709678,0.0464343279569845,102.92130390121
22.1,3.35250000000001,0.0205836290322559,103.256582657991
22.2,3.35307513563051,0.0057513563049838,103.591920403043
22.3,3.3536797653959,0.00604629765396103,103.927317136364
22.4,3.3542549010264,0.0057513563049838,104.262766959128
22.5,3.35474155425221,0.00486653225806876,104.59825807368
22.6,3.35508073680353,0.00339182551319373,104.933772783541
22.7,3.35521346041056,0.00132723607038088,105.269287493402
22.8,3.35508073680353,-0.00132723607038088,105.604772709128
22.9,3.35462357771262,-0.00457159090909154,105.940193037757
23,3.35378299486804,-0.00840582844575111,106.2755071875
23.1,3.35250000000001,-0.0128299486803485,106.610656104545
23.2,3.3504783409091,-0.0202165909090945,106.945555107954
23.3,3.34750172727273,-0.0297661363636293,107.28011175
23.4,3.34363111363637,-0.0387061363636476,107.614239678409
23.5,3.33892745454546,-0.0470365909090831,107.947858636364
23.6,3.33345170454546,-0.0547574999999966,108.2808944625
23.7,3.32726481818182,-0.0618688636363718,108.613279090909
23.8,3.32042775000001,-0.0683706818181751,108.944950551136
23.9,3.31300145454546,-0.074262954545462,109.275852968182
24,3.30504688636364,-0.0795456818181772,109.6059365625
24.1,3.29662500000001,-0.0842188636363595,109.935083387045
24.2,3.2863114909091,-0.103135090909095,110.263050267045
24.3,3.27302610909092,-0.132853818181816,110.589568867045
24.4,3.2573458909091,-0.1568021818182,110.914428555227
24.5,3.23984787272728,-0.174980181818169,111.237476403409
24.6,3.2211090909091,-0.187387818181811,111.558617187045
24.7,3.20170658181819,-0.194025090909111,111.877813385227
24.8,3.18221738181819,-0.194891999999985,112.195085180682
24.9,3.16321852727273,-0.189988545454561,112.510510459773
25,3.14528705454546,-0.179314727272717,112.8242248125
25.1,3.12900000000001,-0.162870545454535,113.1364029075
25.2,3.11456190000001,-0.14438100000001,113.4472236125
25.3,3.10185220000001,-0.127096999999987,113.7568642375
25.4,3.09096030000001,-0.108919000000018,114.0655110325
25.5,3.08197560000001,-0.0898469999999874,114.3733591875
25.6,3.07498750000001,-0.0698809999999994,114.6806128325
25.7,3.07008540000001,-0.0490209999999991,114.9874850375
25.8,3.06735870000001,-0.027267000000003,115.2941978125
25.9,3.06689680000001,-0.0046189999999946,115.6009821075
26,3.06878910000001,0.0189229999999985,115.9080778125
26.1,3.07312500000001,0.0433589999999984,116.216413545968
26.2,3.09358966935485,0.204646693548421,116.52815152621
26.3,3.14116993548388,0.475802661290309,116.845805407258
26.4,3.21190768548389,0.707377500000072,117.171493031855
26.5,3.30184480645163,0.89937120967738,117.506936431452
26.6,3.40702318548388,1.05178379032252,117.85346182621
26.7,3.52348470967744,1.16461524193559,118.211999625
26.8,3.64727126612904,1.23786556451607,118.583084425403
26.9,3.7744247419355,1.27153475806461,118.96685501371
27,3.90098702419356,1.26562282258057,119.363054364919
27.1,4.02300000000001,1.22012975806445,119.771924297974
27.2,4.15439866110059,1.31398661100581,120.195015726874
27.3,4.30742991688806,1.53031255787468,120.634167399265
27.4,4.47560353092982,1.68173614041761,121.090569039151
27.5,4.65242926679318,1.76825735863369,121.564761346893
27.6,4.83141688804555,1.78987621252361,122.056635999208
27.7,5.00607615825429,1.74659270208744,122.56543564917
27.8,5.16991684098673,1.63840682732436,123.08975392621
27.9,5.31644869981027,1.4653185882354,123.627535436115
28,5.43918149829223,1.22732798481966,124.17607576103
28.1,5.531625,0.924435017077729,124.732822872353
28.2,5.6033172264706,0.716922264705944,125.296416183088
28.3,5.6685489882353,0.652317617647014,125.866241594118
28.4,5.72795923235295,0.594102441176525,126.44174890103
28.5,5.78218690588236,0.542276735294079,127.022451794118
28.6,5.83187095588236,0.496840499999974,127.607927858383
28.7,5.87765032941177,0.457793735294154,128.19781857353
28.8,5.92016397352942,0.425136441176444,128.791829313971
28.9,5.96005083529413,0.398868617647096,129.389729348824
29,5.99794986176471,0.378990264705859,129.991351841912
29.1,6.0345,0.365501382352917,130.596597450772
29.2,6.07041217720589,0.359121772058856,131.205414852574
29.3,6.10593585882354,0.355236816176451,131.817762535478
29.4,6.14101779926471,0.350819404411784,132.433593663088
29.5,6.17560475294118,0.345869536764698,133.052856074449
29.6,6.20964347426471,0.340387213235271,133.675492284044
29.7,6.24308071764706,0.334372433823549,134.301439481802
29.8,6.2758632375,0.327825198529408,134.930629533088
29.9,6.3079377882353,0.32074550735296,135.562988978713
30,6.33925112426471,0.313133360294105,136.198439034927
30.1,6.36975,0.30498875735292,136.836935149633
30.2,6.40017229411765,0.304222941176501,137.47849584375
30.3,6.4310415882353,0.308692941176436,138.123147082721
30.4,6.46198319117648,0.309416029411803,138.770877362868
30.5,6.49262241176471,0.306392205882334,139.421637711397
30.6,6.52258455882353,0.299621470588219,140.075341686397
30.7,6.55149494117648,0.289103823529435,140.731865376838
30.8,6.57897886764706,0.274839264705861,141.391047402574
30.9,6.60466164705883,0.256827794117675,142.052688914338
31,6.6281685882353,0.235069411764687,142.71655359375
31.1,6.649125,0.209564117647042,143.382332651915
31.2,6.66645616330646,0.173311633064532,144.049653139113
31.3,6.67995358064516,0.134974173387081,144.718177912803
31.4,6.69054189314517,0.105883125000017,145.387662294557
31.5,6.69914574193549,0.0860384879032061,146.057954070061
31.6,6.70668976814516,0.0754402620967709,146.728993489113
31.7,6.71409861290323,0.0740884475806557,147.400813265625
31.8,6.72229691733871,0.0819830443548386,148.073538577621
31.9,6.73220932258065,0.0991240524193637,148.747387067238
32,6.74476046975807,0.125511471774176,149.422668840726
32.1,6.760875,0.161145302419353,150.099801894646
32.2,6.78178607839768,0.209110783976751,150.779258202109
32.3,6.80734007086198,0.255539924643034,151.461444276639
32.4,6.83638141975146,0.290413488894803,152.146651075998
32.5,6.86775456742465,0.31373147673186,152.835054002181
32.6,6.90030395624009,0.325493888154405,153.526712901421
32.7,6.93287402855633,0.32570072316237,154.221572064186
32.8,6.96430922673189,0.314351981755668,154.919460225179
32.9,6.99345399312534,0.291447663934453,155.62009056334
33,7.01915277009519,0.256987769698558,156.323060701844
33.1,7.04025,0.210972299048106,157.027774311727
33.2,7.05402219764675,0.137721976467486,157.733426160663
33.3,7.05901478106822,0.0499258342146924,158.439175677089
33.4,7.05597554746166,-0.0303923360655766,159.144257069163
33.5,7.04565229402433,-0.103232534373354,159.847979324762
33.6,7.02879281795347,-0.168594760708607,160.549726211482
33.7,7.00614491644632,-0.226479015071424,161.24895627664
33.8,6.97845638670016,-0.276885297461637,161.94520284727
33.9,6.94647502591221,-0.31981360787946,162.63807403013
34,6.91094863127975,-0.355263946324691,163.327252711694
34.1,6.872625,-0.38323631279743,164.011825596472
34.2,6.81883269556451,-0.537923044354894,164.689782160283
34.3,6.74029858064516,-0.785341149193519,165.358940484375
34.4,6.64286790120967,-0.97430679435494,166.017703174597
34.5,6.5323859032258,-1.10481997983866,166.665057361391
34.6,6.41469783266129,-1.17688070564509,167.300574699799
34.7,6.29564893548386,-1.1904889717743,167.924411369456
34.8,6.18108445766129,-1.14564477822573,168.537308074597
34.9,6.07684964516128,-1.04234812500008,169.140590044053
35,5.98878974395161,-0.880599012096716,169.73616703125
35.1,5.92275,-0.66039743951608,170.325879696875
35.2,5.87150331250001,-0.512466874999973,170.910641423611
35.3,5.82373122222222,-0.47772090277789,171.490785081597
35.4,5.7791419375,-0.445892847222196,172.066614361806
35.5,5.73744366666667,-0.416982708333302,172.638403776042
35.6,5.69834461805556,-0.390990486111087,173.206398656945
35.7,5.661553,-0.367916180555539,173.770815157986
35.8,5.62677702083333,-0.347759791666746,174.331840253472
35.9,5.59372488888889,-0.330521319444421,174.889631738542
36,5.5621048125,-0.316200763888862,175.444318229167
36.1,5.531625,-0.304798124999984,175.996000041667
36.2,5.50201125,-0.296137499999971,176.544755659722
36.3,5.47310111111111,-0.289101388888969,177.090649236111
36.4,5.44477041666666,-0.283306944444418,177.633732506945
36.5,5.416895,-0.27875416666665,178.174044791667
36.6,5.38935069444445,-0.275443055555546,178.711612993056
36.7,5.36201333333334,-0.273373611111094,179.246451597222
36.8,5.33475875,-0.272545833333392,179.778562673611
36.9,5.30746277777778,-0.27295972222221,180.307935875
37,5.28000125,-0.274615277777756,180.8345484375
37.1,5.25225,-0.277512499999988,181.358424455357
37.2,5.22527035714286,-0.269796428571422,181.879677008929
37.3,5.19978071428571,-0.254896428571483,182.398423169643
37.4,5.1751425,-0.246382142857115,182.914716151786
37.5,5.15071714285714,-0.244253571428565,183.4285453125
37.6,5.12586607142857,-0.248510714285699,183.939836151786
37.7,5.09995071428572,-0.259153571428561,184.4484503125
37.8,5.0723325,-0.276182142857206,184.954185580357
37.9,5.04237285714286,-0.299596428571414,185.456775883929
38,5.00943321428571,-0.329396428571405,185.955891294643
38.1,4.972875,-0.365582142857129,186.450951377679
38.2,4.92832666071429,-0.445483392857115,186.941016767857
38.3,4.87298114285713,-0.55345517857156,187.42509315625
38.4,4.80854662499999,-0.644345178571404,187.902357051786
38.5,4.73673128571428,-0.718153392857108,188.37215578125
38.6,4.65924330357143,-0.774879821428531,188.834007489286
38.7,4.57779085714286,-0.814524464285671,189.287601138393
38.8,4.49408212499999,-0.837087321428759,189.732796508929
38.9,4.40982528571428,-0.842568392857096,190.169624199107
39,4.32672851785714,-0.830967678571381,190.598285625
39.1,4.2465,-0.802285178571382,191.01891765375
39.2,4.16614057500001,-0.80359424999995,191.4313353125
39.3,4.08221259999999,-0.839279750000199,191.83523426875
39.4,3.99576652499999,-0.864460749999951,192.230415235
39.5,3.9078528,-0.87913724999995,192.61678396875
39.6,3.819521875,-0.883309249999952,192.9943512725
39.7,3.73182420000001,-0.876976749999948,193.36323299375
39.8,3.64581022499999,-0.860139750000194,193.723650025
39.9,3.56253039999999,-0.83279824999995,194.07592830375
40,3.483035175,-0.794952249999953,194.4204988125
40.1,3.408375,-0.746601749999954,194.757868349516
40.2,3.33901574032259,-0.693592596774156,195.088522168145
40.3,3.27406063225805,-0.649551080645311,195.412851008871
40.4,3.21251618225806,-0.615444499999956,195.731146262823
40.5,3.15338889677419,-0.59127285483867,196.043599971774
40.6,3.09568528225807,-0.577036145161259,196.350304828145
40.7,3.0384118451613,-0.572734370967709,196.651254175
40.8,2.98057509193548,-0.5783675322582,196.946342006048
40.9,2.92118152903225,-0.593935629032221,197.235362965645
41,2.85923766290322,-0.619438661290289,197.51801234879
41.1,2.79375,-0.654876629032225,197.793938205838
41.2,2.72476714094293,-0.689828590570679,198.062846284895
41.3,2.6533944401985,-0.713727007444331,198.324527183654
41.4,2.58022353498759,-0.731709052109141,198.57883066353
41.5,2.50584606253102,-0.743774724565715,198.825665649659
41.6,2.43085366004963,-0.749924024813853,199.0650002309
41.7,2.35583796476428,-0.750156952853554,199.296861659833
41.8,2.28139061389577,-0.744473508685034,199.521336352761
41.9,2.20810324466501,-0.732873692307645,199.738569889709
42,2.1365674942928,-0.715357503722045,199.948767014423
42.1,2.067375,-0.691924942927999,200.152221331949
42.2,2.00171135051976,-0.65663649480246,200.349291420764
42.3,1.93969042577962,-0.620209247401387,200.540290757043
42.4,1.8802962997921,-0.593941259875219,200.725431224361
42.5,1.82251304656965,-0.577832532224501,200.904823113696
42.6,1.76532474012474,-0.571883064449032,201.078475123425
42.7,1.70771545446986,-0.576092856548821,201.24629435933
42.8,1.64866926361746,-0.590461908524045,201.40808633459
42.9,1.58717024158004,-0.614990220374192,201.563554969787
43,1.52220246237006,-0.649677792099756,201.712302592906
43.1,1.45275,-0.694524623700585,201.853578358657
43.2,1.37276531503379,-0.799846849662114,201.986198633868
43.3,1.27964018918918,-0.931251258446161,202.109056527238
43.4,1.17751767820945,-1.02122510979725,202.221459453041
43.5,1.07054083783784,-1.06976840371616,202.323129131123
43.6,0.962852723817572,-1.07688114020264,202.414201586909
43.7,0.858596391891902,-1.0425633192567,202.495227151394
43.8,0.761914897804042,-0.966814940878594,202.567170461149
43.9,0.676951297297292,-0.849636005067499,202.631410458319
44,0.607848646114865,-0.69102651182427,202.689740390625
44.1,0.558750000000004,-0.490986461148615,202.744064360491
44.2,0.527729397321434,-0.3102060267857,202.795865973214
44.3,0.508302857142859,-0.194265401785754,202.846169936384
44.4,0.497776406250003,-0.105264508928554,202.895731560268
44.5,0.493456071428575,-0.0432033482142783,202.945036757813
44.6,0.49264787946429,-0.00808191964285567,202.994302044643
44.7,0.492657857142861,9.97767857141563e-05,203.043474539063
44.8,0.490792031250003,-0.0186582589285785,203.092231962054
44.9,0.484356428571432,-0.0643560267857175,203.139982637277
45,0.47065707589286,-0.136993526785714,203.185865491072
45.1,0.447000000000004,-0.236570758928561,203.228838554464
45.2,0.412461267857149,-0.345387321428549,203.267947196429
45.3,0.369711571428568,-0.427496964285815,203.30250521875
45.4,0.321448874999998,-0.482626964285694,203.332096219643
45.5,0.270371142857144,-0.510777321428544,203.35657359375
45.6,0.219176339285718,-0.511948035714256,203.376060532143
45.7,0.170562428571435,-0.48613910714283,203.390950022322
45.8,0.127227374999997,-0.433350535714381,203.401904848214
45.9,0.0918691428571435,-0.353582321428538,203.409857590179
46,0.0671856964285743,-0.246834464285691,203.416010625
46.1,0.0558750000000039,-0.113106964285704,203.421714265179
46.2,0.0581978035714321,0.0232280357142812,203.428166098214
46.3,0.0708388571428639,0.126410535714319,203.436264647322
46.4,0.0911321250000066,0.202932678571426,203.446641832143
46.5,0.116411571428577,0.252794464285704,203.45966296875
46.6,0.14401116071429,0.275995892857128,203.475426769643
46.7,0.17126485714286,0.272536964285699,203.49376534375
46.8,0.195506625000008,0.242417678571481,203.514244196429
46.9,0.214070428571434,0.185638035714265,203.536162229464
47,0.224290232142861,0.102198035714272,203.558551741072
47.1,0.223500000000004,-0.00790232142857429,203.580504629464
47.2,0.215557767857147,-0.0794223214285662,203.601595446429
47.3,0.206258571428574,-0.0929919642857366,203.62170046875
47.4,0.195841875000003,-0.10416696428571,203.640719919643
47.5,0.184547142857146,-0.112947321428566,203.65857796875
47.6,0.172613839285718,-0.119333035714279,203.675222732143
47.7,0.160281428571433,-0.12332410714285,203.690626272322
47.8,0.147789375000002,-0.124920535714314,203.704784598214
47.9,0.135377142857145,-0.124122321428564,203.717717665179
48,0.123284196428575,-0.120929464285707,203.729469375
48.1,0.111750000000004,-0.115341964285708,203.7400353375
48.2,0.0995692500000047,-0.121807499999992,203.749305
48.3,0.0858240000000014,-0.137452500000033,203.7571554375
48.4,0.0711847500000022,-0.146392499999992,203.763530775
48.5,0.0563220000000031,-0.148627499999991,203.7684421875
48.6,0.0419062500000039,-0.144157499999991,203.7719679
48.7,0.0286080000000047,-0.132982499999993,203.7742531875
48.8,0.0170977500000022,-0.115102500000025,203.775510375
48.9,0.0080460000000031,-0.0905174999999906,203.7760188375
49,0.00212325000000372,-0.0592274999999939,203.776125
49.1,3.95430216348913e-15,-0.0212324999999976,203.776125
49.2,3.95430216348913e-15,0,203.776125
49.3,3.95430216348913e-15,0,203.776125
49.4,3.95430216348913e-15,0,203.776125
49.5,3.95430216348913e-15,0,203.776125
49.6,3.95430216348913e-15,0,203.776125
49.7,3.95430216348913e-15,0,203.776125
49.8,3.95430216348913e-15,0,203.776125
49.9,3.95430216348913e-15,0,203.776125
50,3.95430216348913e-15,0,203.776125
50.1,3.95430216348913e-15,0,203.776125
50.2,3.95430216348913e-15,0,203.776125
50.3,3.95430216348913e-15,0,203.776125
50.4,3.95430216348913e-15,0,203.776125
50.5,3.95430216348913e-15,0,203.776125
50.6,3.95430216348913e-15,0,203.776125
50.7,3.95430216348913e-15,0,203.776125
50.8,3.95430216348913e-15,0,203.776125
50.9,3.95430216348913e-15,0,203.776125
51,3.95430216348913e-15,0,203.776125
51.1,3.95430216348913e-15,0,203.776573457609
51.2,0.00896915217391599,0.0896915217391204,203.778777847826
51.3,0.0351186521739229,0.261495000000069,203.784399358696
51.4,0.0773115652174009,0.42192913043478,203.794985484783
51.5,0.134410956521747,0.570993913043459,203.811970027174
51.6,0.205279891304352,0.70868934782605,203.836673093478
51.7,0.288781434782607,0.835015434782556,203.870301097826
51.8,0.383778652173934,0.949972173913267,203.91394676087
51.9,0.489134608695668,1.05355956521734,203.968589109783
52,0.603712369565228,1.14577760869559,204.035093478261
52.1,0.726375000000004,1.22662630434776,204.115410480129
52.2,0.87996503734967,1.53590037349666,204.213509873902
52.3,1.0820228381129,2.0205780076323,204.333783925619
52.4,1.32345819623038,2.41435358117475,204.479715880712
52.5,1.59518090564294,2.71722709412567,204.653879964009
52.6,1.8881007602914,2.92919854648457,204.85794137973
52.7,2.19312755411654,3.05026793825144,205.092656311488
52.8,2.50117108105926,3.08043526942716,205.357871922294
52.9,2.80314113506017,3.01970054000906,205.65252635455
53,3.08994751006015,2.86806374999983,205.974648730053
53.1,3.3525,2.62552489939855,206.322559546627
53.2,3.60571633147098,2.53216331470979,206.696216461609
53.3,3.86742196816169,2.61705636690706,207.0962319755
53.4,4.13288830965869,2.65466341497,207.52274572876
53.5,4.39738675554877,2.64498445890082,207.975424501808
53.6,4.65618870541865,2.58801949869876,208.453462215022
53.7,4.90456555885503,2.48376853436386,208.955579928737
53.8,5.13778871544471,2.33223156589674,209.480025843248
53.9,5.35112957477425,2.13340859329541,210.024575298808
54,5.53985953643044,1.88729961656195,210.58653077563
54.1,5.69925,1.59390463569559,211.163298780919
54.2,5.8361101057926,1.368601057926,211.753181827199
54.3,5.9615508197966,1.25440714003997,212.355124182194
54.4,6.07729628011661,1.15745460320011,212.968242527443
54.5,6.18507062485736,1.07774344740752,213.591825958292
54.6,6.28659799212354,1.01527367266181,214.225335983899
54.7,6.38360252001984,0.970045278962994,214.868406527233
54.8,6.47780834665097,0.942058266311296,215.520843925072
54.9,6.57093961012157,0.931312634705972,216.182626928004
55,6.66472044853635,0.937808384147797,216.853906700431
55.1,6.760875,0.961545514636519,217.534921346334
55.2,6.85941791805274,0.985429180527331,218.225832526902
55.3,6.95880569330631,0.993877752535721,218.926694072541
55.4,7.05842521947263,0.996195261663224,219.637498503028
55.5,7.1576633902637,0.992381707910695,220.35817702751
55.6,7.25590709939148,0.982437091277844,221.088599544508
55.7,7.35254324056795,0.966361411764649,221.828574641912
55.8,7.44695870750509,0.944154669371411,222.577849596983
55.9,7.53854039391482,0.915816864097307,223.336110376354
56,7.62667519350914,0.88134799594316,224.10298163603
56.1,7.71075,0.84074806490867,224.878087053458
56.2,7.79135834856916,0.806083485691534,225.661137025338
56.3,7.86964108903022,0.782827404610664,226.451909384142
56.4,7.94580608704294,0.761649980127132,227.250202748907
56.5,8.0200612082671,0.742551212241615,228.055836525239
56.6,8.09261431836249,0.725531100953857,228.868650905306
56.7,8.16367328298887,0.71058964626387,229.688506867846
56.8,8.23344596780606,0.697726848171865,230.51528617816
56.9,8.30214023847378,0.686942706677208,231.348891388116
57,8.36996396065184,0.678237221780564,232.189245836149
57.1,8.437125,0.671610393481681,233.036511016483
57.2,8.50817860668563,0.710536066856294,233.891192613531
57.3,8.58545333428167,0.772747275960339,234.753756130423
57.4,8.6658170035562,0.803636692745335,235.624353852365
57.5,8.74613743527739,0.803204317211914,236.50282484664
57.6,8.82328245021337,0.77145014935982,237.388694962607
57.7,8.89411986913229,0.708374189189165,238.281176831704
57.8,8.95551751280229,0.613976436699992,239.179169867443
57.9,9.00434320199147,0.488256891891848,240.081260265416
58,9.037464757468,0.331215554765241,240.98572100329
58.1,9.05175,0.14285242532005,241.890830224309
58.2,9.05043442038359,-0.0131557961641326,242.795362472402
58.3,9.04021054148082,-0.102238789027687,243.698529586084
58.4,9.02313173215878,-0.170788093220331,244.599748740756
58.5,9.00125136128457,-0.218803708742187,245.498642448707
58.6,8.97662279772525,-0.246285635593202,246.39503855911
58.7,8.95129941034791,-0.253233873773395,247.288970258029
58.8,8.92733456801962,-0.239648423282835,248.18067606841
58.9,8.90678163960749,-0.205529284121309,249.07059985009
59,8.89169399397859,-0.150876456289017,249.959390799788
59.1,8.884125,-0.0756899397858945,250.847664622458
59.2,8.88135145338983,-0.0277354661016971,251.73570780379
59.3,8.879512173258,-0.0183928013182677,252.623631090631
59.4,8.87895356355932,-0.00558609698682044,253.511579870222
59.5,8.88002202824859,0.0106846468926669,254.399734170198
59.6,8.8830639712806,0.0304194303201389,255.288308658593
59.7,8.88842579661017,0.053618253295673,256.177552643833
59.8,8.89645390819209,0.0802811158192251,257.067750074741
59.9,8.90749470998117,0.110408017890773,257.959219540537
60,8.9218946059322,0.14399895951035,258.852314270834
60.1,8.94,0.181053940677955,259.747566730449
60.2,8.96504919230769,0.250491923076901,260.645765824252
60.3,8.99893268376069,0.338834914529995,261.547711217415
60.4,9.03997517948718,0.410424957264944,262.45403504562
60.5,9.08650138461539,0.465262051282045,263.365201915064
60.6,9.1368360042735,0.503346196581168,264.281508902458
60.7,9.18930374358975,0.524677393162509,265.203085555022
60.8,9.24222930769231,0.529255641025605,266.129893890492
60.9,9.29393740170941,0.517080940170922,267.061728397116
61,9.34275273076923,0.488153290598259,267.998216033654
61.1,9.387,0.44247269230766,268.938978745241
61.2,9.42825423173078,0.412542317307785,269.88385007452
61.3,9.46917235384616,0.409181221153831,270.832793788702
61.4,9.5097019298077,0.405295759615354,271.785768411346
61.5,9.54979052307692,0.400885932692274,272.742727222356
61.6,9.58938569711538,0.395951740384592,273.703618257981
61.7,9.62843501538462,0.390493182692397,274.668384310818
61.8,9.66688604134616,0.384510259615368,275.636962929808
61.9,9.70468633846154,0.378002971153812,276.609286420241
62,9.74178347019231,0.370971317307678,277.58528184375
62.1,9.778125,0.363415298076896,278.564745330268
62.2,9.81114473035715,0.3301973035715,279.547265374405
62.3,9.83925615238095,0.281114220238066,280.532422000149
62.4,9.8638763625,0.246202101190462,281.519936941131
62.5,9.88642245714286,0.225460946428558,282.509673640625
62.6,9.90831153273809,0.218890755952361,283.501637251548
62.7,9.93096068571429,0.226491529761951,284.495974636459
62.8,9.9557870125,0.24826326785714,285.49297436756
62.9,9.98420760952381,0.284205970238094,286.493066726697
63,10.0176395732143,0.334319636904745,287.496823705357
63.1,10.0575,0.398604267857116,288.505127899971
63.2,10.1085838922749,0.510838922748569,289.519228580196
63.3,10.1734297122153,0.648458199404755,290.540403553103
63.4,10.2500697459239,0.766400337085904,291.569733854374
63.5,10.3365362795031,0.864665335791881,292.608103748302
63.6,10.4308615990554,0.943253195522731,293.656200727789
63.7,10.5310779906833,1.00216391627872,294.714515514347
63.8,10.6352177404891,1.04139749805894,295.783342058101
63.9,10.7413131345756,1.06095394086432,296.862777537782
64,10.847396459045,1.06083324469457,297.952722360734
64.1,10.9515,1.04103540954963,299.053236271829
64.2,11.058778221893,1.07278221893032,300.16488599725
64.3,11.1742162865375,1.15438064644442,301.288376437881
64.4,11.2955925260771,1.21376239539674,302.424190327817
64.5,11.4206852726558,1.25092746578699,303.572588234371
64.6,11.5472728584174,1.26587585761517,304.733608558067
64.7,11.6731336155055,1.25860757088164,305.907067532646
64.8,11.7960458760641,1.22912260558532,307.092559225061
64.9,11.9137879722368,1.17742096172726,308.289455535481
65,12.0241382361675,1.10350263930714,309.496906197289
65.1,12.124875,1.00736763832498,310.714148457832
65.2,12.2199702108434,0.950952108433945,311.940855210342
65.3,12.3141648393574,0.941946285140505,313.17688298996
65.4,12.4063907530121,0.922259136546132,314.421981518575
65.5,12.4955798192771,0.891890662650562,315.67579370482
65.6,12.5806639056225,0.850840863453772,316.937855644077
65.7,12.6605748795181,0.799109738956005,318.207596618474
65.8,12.7342446084338,0.736697289156574,319.484339096888
65.9,12.8006049598394,0.663603514056187,320.76729873494
66,12.8585878012048,0.57982841365456,322.055584375
66.1,12.907125,0.485371987951777,323.348416569318
66.2,12.9495188863636,0.423938863636453,324.645383287879
66.3,12.9898154848485,0.402965984848457,325.946277172349
66.4,13.0280622045455,0.38246719696966,327.250895605303
66.5,13.0643064545455,0.362442499999993,328.559040710227
66.6,13.0985956439394,0.342891893939367,329.870519351515
66.7,13.1309771818182,0.32381537878794,331.18514313447
66.8,13.1614984772727,0.305212954545441,332.502728405303
66.9,13.1902069393939,0.287084621212075,333.823096251137
67,13.2171499772727,0.269430378787883,335.1460725
67.1,13.242375,0.25225022727271,336.471509788637
67.2,13.2663707727273,0.239957727272789,337.799312113637
67.3,13.2896757272727,0.233049545454511,339.129416488637
67.4,13.3124117727273,0.227360454545455,340.461772118182
67.5,13.3347008181818,0.222890454545444,341.796340397727
67.6,13.3566647727273,0.219639545454542,343.133094913637
67.7,13.3784255454546,0.217607727272772,344.472021443182
67.8,13.4001050454546,0.216795000000003,345.813117954546
67.9,13.4218251818182,0.217201363636344,347.156394606818
68,13.4437078636364,0.218826818181794,348.50187375
68.1,13.465875,0.221671363636355,349.849569171429
68.2,13.4880334285714,0.221584285714349,351.199465535715
68.3,13.5098938571429,0.218604285714252,352.551539428572
68.4,13.531584,0.216901428571404,353.905780207143
68.5,13.5532315714286,0.216475714285714,355.26219
68.6,13.5749642857143,0.217327142857138,356.620783707143
68.7,13.5969098571429,0.219455714285765,357.981589
68.8,13.619196,0.222861428571398,359.344646321429
68.9,13.6419504285714,0.227544285714299,360.710008885715
69,13.6653008571429,0.233504285714248,362.077742678572
69.1,13.689375,0.240741428571422,363.447963732892
69.2,13.7150460864055,0.256710864055365,364.820852333526
69.3,13.7427259262673,0.276798398617495,366.196581135081
69.4,13.7718501048387,0.291241785714269,367.575266350691
69.5,13.8018542073733,0.300041025345599,368.956967752016
69.6,13.8321738191244,0.303196117511506,370.34168866924
69.7,13.8622445253456,0.300707062212058,371.729375991072
69.8,13.8915019112903,0.292573859446987,373.119920164747
69.9,13.919381562212,0.278796509216584,374.513155196026
70,13.9453190633641,0.259375011520713,375.908858649194
70.1,13.96875,0.234309366359443,377.306823778168
70.2,13.9905525794931,0.218025794930931,378.706930593318
70.3,14.0115837235023,0.210311440092136,380.109072133929
70.4,14.0312470887097,0.196633652073741,381.513081804954
70.5,14.0489463317972,0.176992430875566,382.918733377016
70.6,14.064085109447,0.15138777649768,384.325740986406
70.7,14.076067078341,0.119819688940104,385.733759135081
70.8,14.0842958951613,0.0822881682027488,387.142382690668
70.9,14.0881752165899,0.0387932142857039,388.551146886463
71,14.0871086993088,-0.0106651728110529,389.959527321429
71.1,14.0805,-0.0660869930875663,391.366838803382
71.2,14.0657296390577,-0.147703609422534,392.772216229104
71.3,14.0418188753799,-0.239107636778146,394.174838796543
71.4,14.0106324734043,-0.311864019756803,395.574072180091
71.5,13.9740351975684,-0.365972758358658,396.969468530585
71.6,13.93389181231,-0.401433852583555,398.360766475304
71.7,13.8920670820669,-0.418247302431717,399.747891117971
71.8,13.8504257712766,-0.416413107902703,401.130954038754
71.9,13.8108326443769,-0.39593126899693,402.510253294263
72,13.7751524658055,-0.356801785714268,403.886273417553
72.1,13.74525,-0.299024658054691,405.259637991653
72.2,13.7220414819967,-0.23208518003277,406.630950718699
72.3,13.7042130589198,-0.178284230769221,408.000675589812
72.4,13.6902843633388,-0.139286955810136,409.36912855937
72.5,13.6787750278232,-0.115093355155471,410.736477545008
72.6,13.6682046849427,-0.105703428805248,412.102742427619
72.7,13.6570929672668,-0.111117176759423,413.46779505135
72.8,13.643959507365,-0.131334599017996,414.831359223609
72.9,13.6273239378069,-0.166355695581011,416.193010715057
73,13.605705891162,-0.216180466448446,417.552177259616
73.1,13.577625,-0.280808911620279,418.908051184615
73.2,13.5398535,-0.3777150000001,420.259630471154
73.3,13.4917322307692,-0.481212692307675,421.605998769231
73.4,13.4356337307692,-0.560984999999991,422.946476982692
73.5,13.3739305384615,-0.617031923076894,424.280623269231
73.6,13.3089951923077,-0.649353461538405,425.608233040385
73.7,13.2432002307692,-0.657949615384767,426.929338961539
73.8,13.1789181923077,-0.642820384615361,428.244210951923
73.9,13.1185216153846,-0.603965769230719,429.553356184616
74,13.0643830384615,-0.541385769230729,430.857519086539
74.1,13.018875,-0.455080384615347,432.157451821154
74.2,12.9797796923077,-0.39095307692314,433.453591932692
74.3,12.9430225384615,-0.367571538461543,434.746152605769
74.4,12.9081909230769,-0.34831615384614,436.035305763462
74.5,12.8748722307692,-0.333186923076889,437.321182067308
74.6,12.8426538461538,-0.322183846153834,438.603870917308
74.7,12.8111231538461,-0.315306923076996,439.883420451923
74.8,12.7798675384615,-0.312556153846133,441.159837548077
74.9,12.7484743846154,-0.313931538461509,442.433087821154
75,12.7165310769231,-0.319433076923059,443.703095625
75.1,12.683625,-0.32906076923076,444.969768160227
75.2,12.6498257045454,-0.33799295454553,446.233039431818
75.3,12.6155997272727,-0.34225977272726,447.492875914773
75.4,12.5811299318182,-0.344697954545436,448.749262370455
75.5,12.5465991818182,-0.34530749999997,450.002201846591
75.6,12.5121903409091,-0.344088409090904,451.251715677273
75.7,12.4780862727273,-0.341040681818261,452.497843482955
75.8,12.4444698409091,-0.336164318181797,453.740643170455
75.9,12.4115239090909,-0.32945931818178,454.980190932955
76,12.3794313409091,-0.320925681818185,456.21658125
76.1,12.348375,-0.31056340909088,457.449919014205
76.2,12.3183802840909,-0.299947159090963,458.680300482955
76.3,12.2892490909091,-0.291311931818172,459.907804389205
76.4,12.2608290340909,-0.284200568181814,461.132494227273
76.5,12.2329677272727,-0.278613068181776,462.354418252841
76.6,12.2055127840909,-0.274549431818194,463.573609482955
76.7,12.1783118181818,-0.272009659090955,464.790085696023
76.8,12.1512124431818,-0.27099374999997,466.003849431819
76.9,12.1240622727273,-0.271501704545463,467.214887991478
77,12.0967089204545,-0.273533522727254,468.4231734375
77.1,12.069,-0.277089204545434,469.628698114286
77.2,12.0414935357143,-0.275064642857204,470.831505669643
77.3,12.0146575714286,-0.268359642857141,472.031648785715
77.4,11.98820475,-0.264528214285686,473.229151408929
77.5,11.9618477142857,-0.26357035714284,474.42400875
77.6,11.9352991071429,-0.265486071428556,475.616187283929
77.7,11.9082715714286,-0.270275357142924,476.80562475
77.8,11.88047775,-0.277938214285677,477.992230151786
77.9,11.8516302857143,-0.288474642857129,479.175883757143
78,11.8214418214286,-0.301884642857143,480.356437098215
78.1,11.789625,-0.318168214285696,481.533668880876
78.2,11.7550106532336,-0.346143467664173,482.707265811414
78.3,11.716927957529,-0.380826957046331,483.876904062923
78.4,11.6758370726351,-0.410908848938196,485.04230582447
78.5,11.6321981583012,-0.436389143339744,486.203239301098
78.6,11.5864713742761,-0.457267840250953,487.359518713828
78.7,11.5391168803089,-0.473544939671932,488.51100429965
78.8,11.4905948361486,-0.485220441602285,489.657602311535
78.9,11.4413654015444,-0.492294346042432,490.799265018425
79,11.3918887362452,-0.49476665299224,491.935990705237
79.1,11.342625,-0.492637362451731,493.067756680506
79.2,11.2926945053843,-0.49930494615722,494.194429850877
79.3,11.240768902027,-0.519256033572613,495.315800063741
79.4,11.1866353552576,-0.541335467694215,496.431635883024
79.5,11.1300810304054,-0.565543248521937,497.541684589184
79.6,11.0708930927998,-0.591879376055693,498.645672179213
79.7,11.0088587077703,-0.620343850295767,499.743303366634
79.8,10.9437650406461,-0.65093667124152,500.834261581504
79.9,10.8753992567568,-0.683657838893548,501.918208970413
80,10.8035485214316,-0.718507353251651,502.994786396485
80.1,10.728,-0.755485214315832,504.063364114805
80.2,10.6435543664062,-0.844456335937705,505.122853578125
80.3,10.5462349,-0.973194664062471,506.172048456836
80.4,10.4376626742187,-1.08572225781245,507.209904528672
80.5,10.3194587625,-1.18203911718744,508.235539678711
80.6,10.1932442382813,-1.26214524218741,509.248233899375
80.7,10.060640175,-1.32604063281282,510.24742929043
80.8,9.92326764609373,-1.37372528906242,511.232730058985
80.9,9.78274772499999,-1.40519921093742,512.203902519493
81,9.64070148515625,-1.42046239843741,513.160875093751
81.1,9.49875,-1.41951485156242,514.102678012099
81.2,9.33730836696425,-1.61441633035754,515.026704379018
81.3,9.14321897142854,-1.9408939553571,515.930252518527
81.4,8.92774381874998,-2.15475152678561,516.811746955179
81.5,8.70214491428571,-2.25598904464271,517.670738414063
81.6,8.47768426339286,-2.24460650892846,518.507903820804
81.7,8.26562387142853,-2.1206039196433,519.325046301563
81.8,8.07722574374997,-1.88398127678557,520.125095183036
81.9,7.92375188571427,-1.53473858035697,520.912105992456
82,7.81646430267857,-1.07287583035704,521.69126045759
82.1,7.766625,-0.498393026785671,522.46726084791
82.2,7.75338280641234,-0.132421935876636,523.242320796673
82.3,7.74781616883117,-0.0556663758116915,524.017165681108
82.4,7.74908151988637,0.0126535105519631,524.792436521713
82.5,7.7563352922078,0.0725377232142942,525.568689982245
82.6,7.76873391842533,0.123986262175302,526.346398369724
82.7,7.78543383116884,0.166999127435119,527.125949634436
82.8,7.80559146306819,0.201576318993501,527.907647369927
82.9,7.82836324675325,0.227717836850639,528.691710813008
83,7.8529056148539,0.245423681006485,529.47827484375
83.1,7.878375,0.254693851461019,530.267518790519
83.2,7.90650393536933,0.281289353693249,531.059773383878
83.3,7.93858793181819,0.320839964488629,531.855359174894
83.4,7.97312788849433,0.34539956676134,532.654446804546
83.5,8.00862470454546,0.35496816051136,533.457057003729
83.6,8.04357927911932,0.349545745738611,534.263060593253
83.7,8.07649251136365,0.32913232244326,535.072178483843
83.8,8.10586530042615,0.293727890624973,535.883981676137
83.9,8.13019854545455,0.243332450284061,536.69789126069
84,8.1479931455966,0.177946001420437,537.513178417969
84.1,8.15775,0.0975685440340879,538.329187754022
84.2,8.1624367210478,0.0468672104779632,539.145611222427
84.3,8.16603264705883,0.0359592601102742,539.962340668084
84.4,8.16855626608456,0.0252361902573495,540.779269784697
84.5,8.17002606617648,0.0146980009191334,541.596294114775
84.6,8.17046053538603,0.00434469209558141,542.413311049633
84.7,8.16987816176471,-0.00582373621325071,543.230219829389
84.8,8.16829743336397,-0.0158072840073409,544.046921542969
84.9,8.1657368382353,-0.0256059512867668,544.863319128103
85,8.16221486443015,-0.0352197380514729,545.679317371324
85.1,8.15775,-0.0446486443014704,546.494839619118
85.2,8.15269495588236,-0.0505504411764779,547.309845187501
85.3,8.14741641176471,-0.0527854411764728,548.12431369853
85.4,8.14195380882353,-0.054626029411764,548.938228718383
85.5,8.1363465882353,-0.0560722058823404,549.751577757354
85.6,8.13063419117648,-0.0571239705882354,550.564352269854
85.7,8.12485605882353,-0.0577813235294266,551.376547654412
85.8,8.11905163235295,-0.058044264705881,552.188163253677
85.9,8.11326035294118,-0.0579127941176316,552.999202354412
86,8.10752166176471,-0.0573869117647119,553.809672187501
86.1,8.10187500000001,-0.0564666176470551,554.619586598438
86.2,8.09641321875,-0.0546178125000019,555.428964609376
86.3,8.091147,-0.0526621875000077,556.237821585938
86.4,8.08599253125,-0.0515446874999936,557.046164512501
86.5,8.080866,-0.051265312500004,557.853991992188
86.6,8.07568359375,-0.0518240624999944,558.661294246876
86.7,8.0703615,-0.0532209375000093,559.468053117188
86.8,8.06481590625,-0.0554559375000152,560.274242062501
86.9,8.058963,-0.0585290624999901,561.079826160938
87,8.05271896875,-0.0624403125000006,561.884762109376
87.1,8.046,-0.0671896874999911,562.68896589576
87.2,8.03807572767857,-0.0792427232143011,563.492294839287
87.3,8.02850314285714,-0.0957258482143009,564.294601469867
87.4,8.01762946875,-0.108736741071413,565.095773039733
87.5,8.00580192857143,-0.118275401785706,565.895731523438
87.6,7.99336774553572,-0.124341830357144,566.694433617858
87.7,7.98067414285714,-0.126936026785729,567.491870742188
87.8,7.96806834375,-0.126057991071426,568.288069037947
87.9,7.95589757142857,-0.121707723214282,569.083089368974
88,7.94450904910714,-0.113885223214272,569.87702732143
88.1,7.93425,-0.10259049107143,570.670096487691
88.2,7.92713332522796,-0.0711667477203747,571.46266675304
88.3,7.92427198176292,-0.0286134346504485,572.255113515958
88.4,7.92466327659575,0.00391294832827738,573.047711905624
88.5,7.92730451671733,0.0264124012158029,573.840636781916
88.6,7.93119300911854,0.0388849240121503,574.633962735411
88.7,7.93532606079028,0.0413305167173416,575.427664087387
88.8,7.93870097872341,0.0337491793312994,576.221614889819
88.9,7.94031506990882,0.0161409118541123,577.015588925381
89,7.93916564133739,-0.0114942857142974,577.809259707448
89.1,7.93425,-0.0491564133738631,578.601914822399
89.2,7.91885229902649,-0.153977009735096,579.39227903992
89.3,7.88843205138498,-0.304202476415105,580.17896312268
89.4,7.84524960382376,-0.431824475612198,580.960803868026
89.5,7.79156530309112,-0.53684300732636,581.736864107977
89.6,7.72963949593537,-0.619258071557571,582.506432709229
89.7,7.66173252910476,-0.679069668306065,583.269024573152
89.8,7.59010474934764,-0.716277797571219,584.02438063579
89.9,7.51701650341228,-0.730882459353621,584.772467867863
90,7.44472813804697,-0.722883653653117,585.513479274765
90.1,7.3755,-0.69228138046965,586.247553090708
90.2,7.30597631886791,-0.69523681132091,586.974411623822
90.3,7.23119434339621,-0.747819754716961,587.693521538444
90.4,7.1510039490566,-0.801903943396176,588.404334486463
90.5,7.06525501132075,-0.857489377358456,589.106287107312
90.6,6.97379740566038,-0.914576056603723,589.798801027973
90.7,6.87648100754715,-0.973163981132286,590.481282862973
90.8,6.77315569245281,-1.03325315094337,591.153124214388
90.9,6.66367133584904,-1.09484356603766,591.813701671841
91,6.54787781320754,-1.15793522641503,592.462376812501
91.1,6.425625,-1.22252813207542,593.098183369915
91.2,6.29050614827583,-1.35118851724171,593.719626481467
91.3,6.13835608275859,-1.52150065517236,594.325163637501
91.4,5.97238703793101,-1.65969044827579,594.913573551811
91.5,5.79581124827585,-1.76575789655162,595.483956161639
91.6,5.61184094827586,-1.8397029999999,596.035732627673
91.7,5.42368837241375,-1.88152575862111,596.568645334053
91.8,5.23456575517238,-1.8912261724137,597.082757888363
91.9,5.04768533103446,-1.86880424137919,597.578455121639
92,4.86625933448275,-1.81425996551714,598.056443088363
92.1,4.6935,-1.72759334482749,598.517314924139
92.2,4.5239367155172,-1.69563284482797,598.961070513363
92.3,4.35117506896549,-1.72761646551715,599.387481346553
92.4,4.17704159482756,-1.74133474137921,599.796501567673
92.5,4.0033628275862,-1.7367876724137,600.188267974139
92.6,3.83196530172414,-1.71397525862059,600.563100016811
92.7,3.6646755517241,-1.67289750000038,600.921499800001
92.8,3.50332011206894,-1.61355439655163,601.264152081466
92.9,3.34972551724136,-1.53594594827576,601.591924272415
93,3.20571830172413,-1.44007215517233,601.905866437501
93.1,3.073125,-1.3259330172413,602.206950069393
93.2,2.94854763784401,-1.24577362155991,602.49576531468
93.3,2.82775726788989,-1.20790369954121,602.77271987632
93.4,2.71133396490824,-1.16423302981644,603.038279464749
93.5,2.59985780366972,-1.11476161238526,603.292967797879
93.6,2.49390885894495,-1.05948944724764,603.537366601102
93.7,2.39406720550456,-0.99841653440389,603.772115607283
93.8,2.30091291811925,-0.931542873853141,603.997912556767
93.9,2.21502607155962,-0.858868465596271,604.215513197375
94,2.13698674059632,-0.780393309632976,604.425731284405
94.1,2.067375,-0.696117405963262,604.629507313793
94.2,2.00814558777444,-0.59229412225556,604.827870703537
94.3,1.95912220709204,-0.490233806823995,605.021711232915
94.4,1.91768838047623,-0.414338266158092,605.211657033462
94.5,1.88122763045047,-0.364607500257683,605.398074588961
94.6,1.84712347953819,-0.341041509122752,605.581068735451
94.7,1.81275945026285,-0.343640292753402,605.760482661222
94.8,1.77551906514791,-0.372403851149355,605.935897906815
94.9,1.73278584671683,-0.42733218431088,606.106634365025
95,1.68194331749304,-0.508425292237891,606.2717502809
95.1,1.620375,-0.61568317493039,606.429971179383
95.2,1.5440429696629,-0.763320303370976,606.579847542136
95.3,1.45348428539324,-0.905586842696604,606.720169003653
95.4,1.35294494494381,-1.00539340449433,606.850149798203
95.5,1.24667094606741,-1.06273998876399,606.969428759833
95.6,1.13890828651685,-1.07762659550556,607.078069322361
95.7,1.03390296404492,-1.05005322471933,607.176559519383
95.8,0.935900976404477,-0.980019876404423,607.265811984271
95.9,0.849148321348304,-0.867526550561729,607.34716395017
96,0.777890996629209,-0.712573247190956,607.422377250001
96.1,0.726374999999999,-0.515159966292099,607.493120028751
96.2,0.68848057499999,-0.378944250000083,607.560282337501
96.3,0.654765599999993,-0.337149749999973,607.624245243751
96.4,0.624492524999995,-0.302730749999979,607.685316060001
96.5,0.596923799999997,-0.275687249999981,607.743728343751
96.6,0.571321874999999,-0.256019249999986,607.799641897501
96.7,0.546949199999993,-0.243726750000054,607.853142768751
96.8,0.523068224999995,-0.238809749999987,607.904243250001
96.9,0.498941399999996,-0.241268249999986,607.952881878751
97,0.473831174999997,-0.251102249999988,607.998923437501
97.1,0.446999999999999,-0.268311749999986,608.04217941797
97.2,0.418119609374992,-0.288803906250068,608.082474023439
97.3,0.387772499999993,-0.303471093749986,608.11969201172
97.4,0.356587265624995,-0.311852343749982,608.153781000001
97.5,0.325192499999997,-0.313947656249983,608.184751464845
97.6,0.294216796874998,-0.309757031249982,608.212676742189
97.7,0.264288749999992,-0.299280468750066,608.237693027345
97.8,0.236036953124994,-0.28251796874998,608.259999375001
97.9,0.210089999999996,-0.259469531249981,608.27985769922
98,0.187076484374997,-0.230135156249984,608.297592773439
98.1,0.167624999999999,-0.194514843749987,608.313501084376
98.2,0.150541218749995,-0.170837812500037,608.327744320314
98.3,0.134323499999996,-0.162177187499989,608.340417468751
98.4,0.119139468749997,-0.15184031249999,608.351632279688
98.5,0.105156749999998,-0.139827187499991,608.361517265626
98.6,0.0925429687499986,-0.126137812499993,608.370217701563
98.7,0.0814657499999963,-0.110772187500023,608.377895625001
98.8,0.0720927187499971,-0.0937303124999914,608.384729835939
98.9,0.0645914999999979,-0.0750121874999926,608.390915896876
99,0.0591297187499984,-0.0546178124999951,608.396666132813
99.1,0.0558749999999986,-0.0325471874999975,608.402172052277
99.2,0.0542433892663027,-0.0163161073369591,608.40755553261
99.3,0.0534262173913029,-0.00817171874999811,608.412889545347
99.4,0.0532540373641291,-0.00172180027173821,608.418230117324
99.5,0.0535574021739117,0.00303364809782621,608.423616330674
99.6,0.0541668648097812,0.00609462635869536,608.429070322827
99.7,0.0549129782608684,0.00746113451087129,608.434597286516
99.8,0.0556262955163031,0.00713317255434725,608.44018546977
99.9,0.0561373695652161,0.00511074048912975,608.445806175918
100,0.0562767533967378,0.00139383831521695,608.451413763588
100.1,0.0558749999999986,-0.0040175339673913,608.456903135799
100.2,0.0539124442135529,-0.0196255578644571,608.462089496884
100.3,0.0498147774936039,-0.04097666719949,608.466784265147
100.4,0.0440805877557524,-0.0573418973785152,608.47084871768
100.5,0.0372084629155992,-0.0687212484015315,608.47419399037
100.6,0.0296969908887454,-0.0751147202685381,608.476781077894
100.7,0.0220447595907897,-0.0765223129795568,608.478620833721
100.8,0.0147503569373376,-0.0729440265345216,608.47977397011
100.9,0.00831237084398773,-0.0643798609334985,608.480351058113
101,0.00322938922634109,-0.0508298161764664,608.480512527575
101.1,-1.38083988687754e-15,-0.0322938922634248,608.481048664125
101.2,0.0107227310112228,0.107227310112241,608.483823392398
101.3,0.0447718344451245,0.340491034339018,608.490989958357
101.4,0.098559484725597,0.537876502804725,608.504342825407
101.5,0.168497856276534,0.699383715509373,608.525317674397
101.6,0.25099912352183,0.825012672452957,608.554991403617
101.7,0.342475460885405,0.914763373635752,608.594082128801
101.8,0.439339042791101,0.968635819056958,608.642949183123
101.9,0.538002043662836,0.986630008717346,608.701593117203
102,0.634876637924504,0.96874594261668,608.769655699099
102.1,0.726374999999999,0.91498362075495,608.846921325038
102.2,0.818937518772659,0.925625187726608,608.933956198873
102.3,0.921759957927016,1.02822439154357,609.031813574473
102.4,1.03538755408889,1.13627596161878,609.141601229372
102.5,1.1603655438841,1.24977989795202,609.264481464763
102.6,1.29723916393842,1.36873620054325,609.401671105504
102.7,1.44655365087772,1.49314486939294,609.554441500114
102.8,1.6088542413277,1.6230059044998,609.724118520776
102.9,1.7846861719142,1.75831930586506,609.912082563335
103,1.97459467926304,1.89908507348834,610.119768547298
103.1,2.179125,2.04530320736963,610.349452852704
103.2,2.41456110810816,2.35436108108166,610.604775628379
103.3,2.69189440540545,2.7733329729729,610.889556912163
103.4,3.00373127027031,3.11836864864851,611.206877379731
103.5,3.3426780810811,3.38946810810794,611.559078344596
103.6,3.70134121621621,3.58663135135115,611.947761758109
103.7,4.07232705405414,3.70985837837922,612.373790209461
103.8,4.44824197297304,3.75914918918899,612.837286925677
103.9,4.82169235135139,3.73450378378355,613.337635771623
104,5.18528456756759,3.63592216216195,613.873481250001
104.1,5.531625,3.46340432432413,614.443783406251
104.2,5.87441812500008,3.42793125000079,615.048951562501
104.3,6.22894500000006,3.54526874999982,615.689907656251
104.4,6.59017687500004,3.61231874999981,616.367070750001
104.5,6.95308500000002,3.62908124999979,617.080357031251
104.6,7.312640625,3.5955562499998,617.829179812501
104.7,7.66381500000008,3.51174375000077,618.612449531251
104.8,8.00157937500006,3.37764374999979,619.428573750001
104.9,8.32090500000003,3.19325624999978,620.275457156251
105,8.61676312500001,2.9585812499998,621.150501562501
105.1,8.884125,2.67361874999985,622.051307677729
105.2,9.13199730455806,2.47872304558066,622.976487147101
105.3,9.37159208287297,2.39594778314901,623.92512618284
105.4,9.6011886319061,2.29596549033135,624.896138926866
105.5,9.81906624861879,2.17877616712695,625.888267450795
105.6,10.0235042299724,2.04437981353576,626.90008175594
105.7,10.2127818729282,1.89277642955843,627.929979773309
105.8,10.3851784744475,1.72396601519325,628.976187363606
105.9,10.5389733314917,1.53794857044187,630.036758317232
106,10.6724457410221,1.33472409530375,631.109574354283
106.1,10.783875,1.11429258977895,632.192890370271
106.2,10.8824453197577,0.985703197577404,633.285917102712
106.3,10.9780893290588,0.956440093010214,634.388332016715
106.4,11.0702089510112,0.921196219524511,635.499752769702
106.5,11.1582061087232,0.87997157711992,636.619737211403
106.6,11.2414827253029,0.832766165796484,637.747783383861
106.7,11.3194407238583,0.779579985554424,638.883329521429
106.8,11.3914820274976,0.720413036393097,640.02575405077
106.9,11.4570085593289,0.655265318313081,641.17437559086
107,11.5154222424603,0.584136831314264,642.328452952983
107.1,11.566125,0.507027575396601,643.487425621499
107.2,11.6133283703204,0.472033703203723,644.651145082098
107.3,11.6610608416691,0.47732471348767,645.81962061228
107.4,11.7084497619673,0.473889202981636,646.992774224335
107.5,11.7546224791358,0.4617271716854,648.170440665347
107.6,11.7987063410957,0.44083861959896,649.35236741719
107.7,11.839828695768,0.411223546722473,650.538214696532
107.8,11.8771168910735,0.372881953055604,651.727555454832
107.9,11.9096982749334,0.325813838598688,652.919875378342
108,11.9367001952686,0.270019203351567,654.114572888106
108.1,11.95725,0.205498047314268,655.311071090435
108.2,11.9727140465832,0.154640465831956,656.508955827569
108.3,11.9849806960951,0.122666495118828,657.707902877468
108.4,11.9939603018888,0.0897960579371749,658.907579053428
108.5,11.9995632173175,0.0560291542869074,660.107642204081
108.6,12.0016997957343,0.0213657841680704,661.307741213392
108.7,12.0002803904924,-0.0141940524193585,662.507516000664
108.8,11.9952153549448,-0.050650355475379,663.706597520534
108.9,11.9864150424448,-0.0880031250000135,664.904607762973
109,11.9737898063455,-0.126252360993195,666.10115975329
109.1,11.95725,-0.165398063454991,667.295706967106
109.2,11.9336942763158,-0.235557236842165,668.487436904606
109.3,11.9009044736842,-0.327898026315787,669.675487914475
109.4,11.8601157236842,-0.407887499999981,670.859121858554
109.5,11.8125631578947,-0.475525657894726,672.037724111843
109.6,11.7594819078947,-0.530812499999955,673.210803562501
109.7,11.7021071052631,-0.573748026315935,674.377992611843
109.8,11.6416738815789,-0.604332236842065,675.539047174343
109.9,11.579417368421,-0.6225651315789,676.693846677632
110,11.5165726973684,-0.628446710526288,677.842394062501
110.1,11.454375,-0.62197697368418,678.984605958782
110.2,11.3898629256198,-0.645120743801808,680.12007979184
110.3,11.3196137355372,-0.70249190082643,681.248269002583
110.4,11.2441704793388,-0.75443256198342,682.368681336881
110.5,11.1640762066116,-0.800942727272669,683.480878845559
110.6,11.0798739669421,-0.842022396694198,684.584477884402
110.7,10.9921068099173,-0.87767157024814,685.679149114154
110.8,10.901317785124,-0.907890247933829,686.764617500517
110.9,10.8080499421488,-0.932678429751999,687.840662314154
111,10.7128463305785,-0.952036115702449,688.907117130683
111.1,10.61625,-0.965963305785068,689.963711672108
111.2,10.5156408285124,-1.00609171487624,691.009903489154
111.3,10.4081955123967,-1.07445316115702,692.045020881199
111.4,10.2941523285124,-1.14043183884289,693.068415975311
111.5,10.173749553719,-1.20402774793382,694.079464726241
111.6,10.047225464876,-1.2652408884297,695.077566916426
111.7,9.91481833884294,-1.32407126033089,696.062146155993
111.8,9.77676645247931,-1.38051886363629,697.032649882749
111.9,9.63330808264461,-1.43458369834704,697.988549362191
112,9.48468150619834,-1.48626576446274,698.929339687501
112.1,9.331125,-1.53556506198337,699.85405662027
112.2,9.16321365539108,-1.67911344608921,700.760951010968
112.3,8.97467415856233,-1.88539496828746,701.648208327828
112.4,8.77047217864691,-2.04201979915422,702.514510606
112.5,8.555573384778,-2.1489879386891,703.359036447543
112.6,8.33494344608879,-2.20629938689206,704.181461021433
112.7,8.11354803171242,-2.21395414376373,704.981956063558
112.8,7.8963528107822,-2.1719522093022,705.761189876718
112.9,7.68832345243126,-2.08029358350938,706.52032733063
113,7.4944256257928,-1.93897826638465,707.261029861919
113.1,7.319625,-1.74800625792801,707.984728416771
113.2,7.15434609702579,-1.65278902974211,708.691895883057
113.3,6.98900322870162,-1.6534286832417,709.382773381939
113.4,6.82854674894821,-1.60456479753407,710.058097069971
113.5,6.67792701168633,-1.50619737261882,710.719098139097
113.6,6.54209437083674,-1.35832640849587,711.367502816655
113.7,6.42599918032018,-1.16095190516561,712.005532365374
113.8,6.33459179405748,-0.914073862626974,712.635903083376
113.9,6.27282256596937,-0.617692280881066,713.261826304173
114,6.24564184997663,-0.271807159927495,713.887008396672
114.1,6.258,0.123581500233727,714.515974896648
114.2,6.32132999952295,0.633299995229519,715.153957263792
114.3,6.4383173433624,1.16987343839454,715.805912688582
114.4,6.60079115243943,1.62473809077027,716.475981273588
114.5,6.8005805476751,1.99789395235664,717.167486033471
114.6,7.02951464999046,2.28934102315363,717.882932894986
114.7,7.27942258030665,2.49907930316196,718.624010696979
114.8,7.5421334595446,2.62710879237949,719.391591190387
114.9,7.80947640862543,2.67342949080833,720.185729038242
115,8.07328054847021,2.63804139844778,721.005661815665
115.1,8.325375,2.52094451529786,721.850780667191
115.2,8.57700203052078,2.51627030520786,722.721760351218
115.3,8.84259165000904,2.65589619488257,723.619827663388
115.4,9.11875459339196,2.76162943382912,724.545870472837
115.5,9.40210159559663,2.83347002204678,725.500437722195
115.6,9.68924339155018,2.8714179595355,726.483739427581
115.7,9.9767907161798,2.87547324629616,727.495646678611
115.8,10.2613543044124,2.84563588232631,728.53569163839
115.9,10.5395448911753,2.78190586762834,729.603067543519
116,10.8079732113954,2.68428320220155,730.696628704088
116.1,11.06325,2.55276788604579,731.815458923806
116.2,11.3133543943486,2.50104394348623,732.959443112208
116.3,11.5663293736923,2.52974979343632,734.128703652682
116.4,11.8188814357954,2.52552062103177,735.323033578393
116.5,12.0677170784226,2.48835642627188,736.541896572281
116.6,12.3095427993383,2.41825720915663,737.784426967063
116.7,12.5410650963069,2.31522296968663,739.049429745234
116.8,12.7589904670929,2.17925370786001,740.335380539061
116.9,12.9600254094608,2.01034942367866,741.640425630593
117,13.140876421175,1.80851011714194,742.962381951652
117.1,13.29825,1.57373578824995,744.299381115772
117.2,13.4417332823982,1.43483282398246,745.650561373387
117.3,13.5818718699106,1.40138587512401,747.015495464779
117.4,13.7168099579196,1.34938088008929,748.393570549765
117.5,13.8446917418074,1.2788178388778,749.783988207703
117.6,13.9636614169563,1.18969675148948,751.185764437489
117.7,14.0718631787488,1.08201761792477,752.597729657554
117.8,14.167441222567,0.955780438182607,754.018528705872
117.9,14.2485397437935,0.810985212264104,755.446620839953
118,14.3133029378103,0.647631940168791,756.880279736843
118.1,14.359875,0.46572062189667,758.318052070993
118.2,14.3955716830022,0.356966830021576,759.759283933876
118.3,14.4290655746509,0.334938916487593,761.203764018764
118.4,14.4605361231203,0.314705484693877,762.65129896375
118.5,14.4901627765843,0.296266534640166,764.10171335174
118.6,14.518124983217,0.279622066326501,765.55484971046
118.7,14.5446021911923,0.264772079752995,767.010568512454
118.8,14.5697738486842,0.251716574919425,768.468748175081
118.9,14.5938194038668,0.240455551825969,769.929285060521
119,14.6169183049141,0.230989010472604,771.392093475766
119.1,14.63925,0.223316950859287,772.857131944232
119.2,14.6615193693219,0.222693693219277,774.324393612369
119.3,14.6837139934167,0.221946240947956,775.793826180589
119.4,14.7049373709677,0.212233775510206,777.26528769917
119.5,14.7242930006583,0.193556296905827,778.738546568261
119.6,14.7408843811718,0.165913805134954,780.21328153788
119.7,14.7538150111916,0.129306300197518,781.689081707909
119.8,14.7621883894009,0.0837337820934536,783.165446528104
119.9,14.7651080144832,0.0291962508229382,784.641785798084
120,14.7616773851218,-0.0343062936142502,786.11741966734
120.1,14.751,-0.10677385121789,787.590354884707
120.2,14.7077043473415,-0.432956526584682,789.056376148232
120.3,14.6127209231642,-0.949834241773461,790.510742506283
120.4,14.4746062378424,-1.38114685321766,791.949568658262
120.5,14.3019168017507,-1.7268943609174,793.369824954613
120.6,14.1032091252634,-1.98707676487264,794.769337396814
120.7,13.887039718755,-2.16169406508397,796.146787637382
120.8,13.6619650926001,-2.25074626154957,797.50171297987
120.9,13.4365417571729,-2.25423335427121,798.834506378871
121,13.2193262228481,-2.17215534324838,800.146416440014
121.1,13.018875,-2.00451222848099,801.43810193515
121.2,12.8148349027279,-2.04040097272122,802.708191570308
121.3,12.5869578004307,-2.27877102297194,803.954737349651
121.4,12.3439577864321,-2.43000013998551,805.176662686676
121.5,12.094548954056,-2.49408832376152,806.37376240421
121.6,11.847445396626,-2.47103557429993,807.546702734414
121.7,11.6113612074658,-2.36084189160137,808.697021318783
121.8,11.3950104798995,-2.16350727566387,809.82712720814
121.9,11.2071073072505,-1.87903172648942,810.940300862645
122,11.0563657828428,-1.50741524407742,812.040694151787
122.1,10.9515,-1.04865782842778,813.132022017206
122.2,10.8750573083851,-0.764426916149241,814.215995011259
122.3,10.8044025726708,-0.706547357142818,815.293238947827
122.4,10.7404761586956,-0.639264139751505,816.364473677377
122.5,10.6842184322981,-0.562577263975106,817.430513086958
122.6,10.6365697593168,-0.476486729813641,818.492265100203
122.7,10.5984705055901,-0.380992537267133,819.55073167733
122.8,10.5708610369565,-0.276094686335383,820.607008815141
122.9,10.5546817192547,-0.16179317701861,821.66228654702
123,10.550872918323,-0.0380880093167501,822.717848942936
123.1,10.560375,0.0950208167701749,823.774801423334
123.2,10.5786746079573,0.182996079573482,824.833739155774
123.3,10.6000800408532,0.214054328958135,825.894931365167
123.4,10.6237641470057,0.236841061525839,826.958564561254
123.5,10.6488997747334,0.251356277276438,828.024742538609
123.6,10.6746597723544,0.257599976209999,829.093486376636
123.7,10.700216988187,0.255572158326567,830.164734439573
123.8,10.7247442705496,0.245272823625898,831.238342376488
123.9,10.7474144677605,0.226701972108279,832.314083121283
124,10.7674004281378,0.199859603773578,833.39164689269
124.1,10.783875,0.164745718621795,834.470758853576
124.2,10.7983642177182,0.144892177181632,835.551303639226
124.3,10.812531495283,0.14167277564856,836.633218001512
124.4,10.8257557504422,0.132242551591988,837.716376584081
124.5,10.8374159009434,0.116601505011804,838.800591922355
124.6,10.8468908645342,0.0947496359079869,839.88561444353
124.7,10.8535595589623,0.0666869442806695,840.971132466577
124.8,10.8568009019752,0.0324134301297185,842.056772202242
124.9,10.8559938113207,-0.00807090654482145,843.142097753045
125,10.8505172047465,-0.0547660657429282,844.226611113283
125.1,10.83975,-0.107672047464624,845.309570595429
125.2,10.8194396429228,-0.203103570772111,846.389897159928
125.3,10.7870916470588,-0.323479958639728,847.466487843866
125.4,10.7447220317095,-0.423696153492625,848.53844128626
125.5,10.6943468161765,-0.503752155330872,849.605057728057
125.6,10.637982019761,-0.563647964154356,850.665839012133
125.7,10.5776436617647,-0.603383579963368,851.720488583296
125.8,10.515347761489,-0.622959002757329,852.768911488282
125.9,10.4531103382353,-0.622374232536726,853.811214375759
126,10.3929474113051,-0.601629269301429,854.847705496324
126.1,10.336875,-0.560724113051436,855.878712779037
126.2,10.2832706542519,-0.536043457480928,856.904334645381
126.3,10.2291666726343,-0.541039816176459,857.924521038884
126.4,10.1745611974105,-0.546054752237813,858.939221717296
126.5,10.119452370844,-0.551088265664923,859.948386252598
126.6,10.0638383351982,-0.55614035645779,860.951964030995
126.7,10.0077172327366,-0.561211024616481,861.949904252918
126.8,9.95108720572249,-0.56630027014064,862.942155933025
126.9,9.89394639641943,-0.571408093030656,863.928667900201
127,9.83629294709079,-0.576534493286417,864.909388797555
127.1,9.778125,-0.581679470907904,865.884214245124
127.2,9.71838395137602,-0.597410486239735,866.852956543711
127.3,9.65646202035151,-0.619219310245111,867.815431323905
127.4,9.59303358354532,-0.634284368061955,868.771521653961
127.5,9.52877301757631,-0.642605659690065,869.721178039793
127.6,9.46435469906337,-0.644183185129465,870.664418424978
127.7,9.40045300462533,-0.639016944380355,871.601328190753
127.8,9.33774231088112,-0.627106937442146,872.53206015602
127.9,9.27689699444957,-0.608453164315404,873.456834577339
128,9.21859143194958,-0.583055624999963,874.375939148937
128.1,9.1635,-0.55091431949581,875.289571574009
128.2,9.10914850143759,-0.543514985624039,876.197702943071
128.3,9.05347887981597,-0.556696216216201,877.100266373204
128.4,8.9977897228292,-0.556891569867701,877.997324840254
128.5,8.94337961817136,-0.54410104657846,878.889071178839
128.6,8.89154715353651,-0.518324646348445,879.775828082347
128.7,8.84359091661873,-0.479562369177789,880.658048102934
128.8,8.80080949511212,-0.427814215066091,881.536313651525
128.9,8.76450147671075,-0.363080184013775,882.411336997816
129,8.73596544910868,-0.285360276020662,883.283960270271
129.1,8.7165,-0.194654491086821,884.15496827064
129.2,8.703660007371,-0.128399926289958,885.024853389436
129.3,8.69404236855037,-0.0961763882063594,885.893930942876
129.4,8.6875087002457,-0.0653366830466795,886.762502408846
129.5,8.68392061916462,-0.0358808108108066,887.630855426905
129.6,8.68313974201474,-0.00780877149877401,888.499263798281
129.7,8.68502768550369,0.0188794348894405,889.367987485873
129.8,8.68944606633907,0.0441838083538037,890.237272614252
129.9,8.6962565012285,0.0681043488943489,891.107351469657
130,8.70532060687961,0.0906410565110649,891.978442500001
130.1,8.7165,0.111793931203919,892.850756939578
130.2,8.72978879153605,0.132887915360535,893.724508224922
130.3,8.7452369153605,0.154481238244509,894.599909556819
130.4,8.76278972257053,0.175528072100306,895.47716867116
130.5,8.78239256426332,0.196028416927896,896.356487838951
130.6,8.80399079153605,0.215982272727255,897.238063866302
130.7,8.8275297554859,0.235389639498495,898.122088094436
130.8,8.85295480721003,0.254250517241361,899.008746399687
130.9,8.88021129780564,0.272564905956085,899.898219193496
131,8.90924457836991,0.290332805642635,900.790681422415
131.1,8.94,0.30755421630092,901.686399771337
131.2,8.97436697844828,0.343669784482847,902.585799276581
131.3,9.01362312643678,0.392561479885022,903.489320237429
131.4,9.05679609051724,0.431729640804601,904.397305717817
131.5,9.10291351724138,0.461174267241349,905.310001546337
131.6,9.15100305316092,0.480895359195376,906.227556316236
131.7,9.20009234482759,0.490892916666774,907.150021385418
131.8,9.24920903879311,0.491166939655141,908.077350876438
131.9,9.2973807816092,0.481717428160899,909.00940167651
132,9.34363521982759,0.462544382183894,909.945933437501
132.1,9.387,0.433647801724102,910.886703885626
132.2,9.42840896250001,0.414089625000091,911.831595177084
132.3,9.46941686666667,0.410079041666634,912.780565157293
132.4,9.5099827375,0.405658708333322,913.733567574168
132.5,9.5500656,0.40082862499996,914.690552078126
132.6,9.58962447916666,0.395588791666656,915.651464222084
132.7,9.62861840000001,0.389939208333422,916.616245461459
132.8,9.6670063875,0.38387987499997,917.584833154168
132.9,9.70474746666667,0.377410791666644,918.557160560626
133,9.7418006625,0.370531958333309,919.533156843751
133.1,9.778125,0.363243374999977,920.512620330269
133.2,9.81114473035715,0.3301973035715,921.495140374406
133.3,9.83925615238095,0.281114220238066,922.48029700015
133.4,9.8638763625,0.246202101190462,923.467811941132
133.5,9.88642245714285,0.225460946428558,924.457548640626
133.6,9.90831153273809,0.218890755952361,925.449512251549
133.7,9.93096068571429,0.226491529761951,926.44384963646
133.8,9.9557870125,0.24826326785714,927.440849367561
133.9,9.98420760952381,0.284205970238094,928.440941726698
134,10.0176395732143,0.334319636904745,929.444698705358
134.1,10.0575,0.398604267857116,930.45300022907
134.2,10.1085304742289,0.510304742289102,931.46708874185
134.3,10.1732397813853,0.647093071563831,932.4882355219
134.4,10.2496958196023,0.764560382169899,933.517518637231
134.5,10.335966487013,0.862706674107084,934.555822945669
134.6,10.4301196817505,0.941531947375496,935.603840094854
134.7,10.5302233019481,1.00103620197536,936.662068522238
134.8,10.6343452457386,1.04121943790578,937.730813455088
134.9,10.7405534112554,1.06208165516768,938.810186910482
135,10.8469156966315,1.06362285376078,939.900107695314
135.1,10.9515,1.045843033685,941.000585370214
135.2,11.0580534980114,1.06553498011388,942.112022536933
135.3,11.1706898363636,1.12636338352268,943.234958359589
135.4,11.2880266167614,1.17336780397721,944.369793762473
135.5,11.4086814409091,1.20654824147721,945.516791430044
135.6,11.5312719105114,1.22590469602264,946.676075806933
135.7,11.6544156272727,1.23143716761391,947.847633097941
135.8,11.7767301928977,1.22314565624995,949.031311268041
135.9,11.8968332090909,1.20103016193174,950.226820042373
136,12.0133422775568,1.16509068465902,951.433730906251
136.1,12.124875,1.11532722443175,952.651678541454
136.2,12.2340777040541,1.09202704054079,953.880576790711
136.3,12.3438872810811,1.0980957702702,955.120439013683
136.4,12.4533571783784,1.09469897297292,956.371183914765
136.5,12.5615408432432,1.08183664864858,957.632635543075
136.6,12.667491722973,1.05950879729724,958.904523292467
136.7,12.7702632648649,1.02771541891915,960.186481901521
136.8,12.8689089162162,0.986456513513456,961.478051453549
136.9,12.9624821243243,0.93573208108102,962.778677376589
137,13.0500363364865,0.875542121621553,964.087710443413
137.1,13.130625,0.8058866351351,965.404578145284
137.2,13.2067290374106,0.761040374105915,966.728968807409
137.3,13.2810842050874,0.743551676768606,968.060679327716
137.4,13.3531262010632,0.720419959757512,969.399450173938
137.5,13.4222907233704,0.691645223072301,970.744965383608
137.6,13.4880134700417,0.657227466712995,972.096852564066
137.7,13.5497301391097,0.617166690679794,973.454682892452
137.8,13.6068764286069,0.571462894972096,974.817971115711
137.9,13.658888036566,0.520116079590616,976.18617555059
138,13.7052006610195,0.463126244534929,977.558698083641
138.1,13.74525,0.400493389805234,978.935061247887
138.2,13.7820132849265,0.367632849264799,980.315071406251
138.3,13.8181898823529,0.361765974264694,981.69862083502
138.4,13.8527986930147,0.346088106617604,983.085503700553
138.5,13.8848586176471,0.320599246323505,984.475416059285
138.6,13.9133885569853,0.285299393382355,985.867955857722
138.7,13.9374074117647,0.240188547794151,987.262622932447
138.8,13.9559340827206,0.185266709558806,988.658819010112
138.9,13.9679874705882,0.120533878676454,990.055847707447
139,13.9725864761029,0.0459900551470715,991.452914531252
139.1,13.96875,-0.0383647610294302,992.84911549798
139.2,13.9552693345588,-0.134806654411812,994.243503485296
139.3,13.9324904117647,-0.227789227941178,995.63521621048
139.4,13.9017640919118,-0.307263198529406,997.02352647684
139.5,13.8644412352941,-0.373228566176454,998.407842173715
139.6,13.8218727022059,-0.425685330882341,999.787706276472
139.7,13.7754093529412,-0.46463349264716,1001.16279684651
139.8,13.7264020477941,-0.490073051470574,1002.53292703125
139.9,13.6762016470588,-0.502004007352919,1003.89804506416
140,13.6261590110294,-0.500426360294081,1005.25823426471
140.1,13.577625,-0.485340110294086,1006.61352249421
140.2,13.5281395901069,-0.49485409893062,1007.96365067046
140.3,13.4744239347593,-0.537156553475881,1009.3082019002
140.4,13.4166006601604,-0.578232745989294,1010.64677155284
140.5,13.3547923925134,-0.618082676470566,1011.97896726036
140.6,13.2891217580214,-0.656706344919744,1013.30440891741
140.7,13.2197113828877,-0.69410375133705,1014.62272868122
140.8,13.1466838933155,-0.730274895721883,1015.93357097166
140.9,13.070161915508,-0.765219778074821,1017.23659247122
141,12.9902680756684,-0.798938398395688,1018.531462125
141.1,12.907125,-0.831430756684438,1019.81759126001
141.2,12.8154577000668,-0.91667299933178,1021.09390413159
141.3,12.7107997315508,-1.04657968516038,1022.35916844501
141.4,12.5944865368315,-1.16313194719249,1023.61228544976
141.5,12.4678535582888,-1.26632978542771,1024.85228993959
141.6,12.3322362383021,-1.35617319986627,1026.07835025247
141.7,12.1889700192513,-1.43266219050835,1027.28976827061
141.8,12.039390343516,-1.49579675735287,1028.48597942046
141.9,11.8848326534759,-1.54557690040098,1029.66655267271
142,11.7266323915107,-1.58200261965231,1030.83119054228
142.1,11.566125,-1.60507391510687,1031.97943950329
142.2,11.3988542201419,-1.6727077985808,1033.11041411814
142.3,11.2206380768446,-1.78216143297342,1034.22310719388
142.4,11.0332234380525,-1.87414638792067,1035.31668622437
142.5,10.8383571717103,-1.9486626634222,1036.39049339024
142.6,10.6377861457625,-2.00571025947795,1037.44404555894
142.7,10.4332572281536,-2.04528917608853,1038.47703428469
142.8,10.2265172868284,-2.0673994132522,1039.48932580852
142.9,10.0193131897314,-2.07204097097063,1040.48096105824
143,9.81339180480702,-2.05921384924335,1041.45215564848
143.1,9.61049999999999,-2.02891804807026,1042.40316405371
143.2,9.40966810454165,-2.00831895458344,1043.33407317223
143.3,9.20851426573076,-2.01153838810888,1044.24483223944
143.4,9.00666707861269,-2.01847187118074,1045.13535335028
143.5,8.80375513823285,-2.0291194037984,1046.00551145918
143.6,8.59940703963666,-2.0434809859619,1046.85514438005
143.7,8.39325137786948,-2.06155661767181,1047.68405278635
143.8,8.18491674797684,-2.08334629892639,1048.492000211
143.9,7.9740317450041,-2.10885002972737,1049.27871304645
144,7.76022496399668,-2.13806781007421,1050.04388054465
144.1,7.543125,-2.17099963996684,1050.78720313024
144.2,7.32332671198542,-2.19798288014578,1051.50842617655
144.3,7.10113421404354,-2.22192497941876,1052.20726988644
144.4,6.87573998389828,-2.25394230145266,1052.8833737106
144.5,6.64633649927359,-2.29403484624685,1053.53629634746
144.6,6.41211623789346,-2.34220261380131,1054.16551574323
144.7,6.17227167748178,-2.39844560411679,1054.77042909189
144.8,5.92599529576267,-2.46276381719116,1055.3503528352
144.9,5.67247957046002,-2.53515725302649,1055.90452266269
145,5.41091697929781,-2.61562591162214,1056.43209351165
145.1,5.1405,-2.70416979297806,1056.93149365813
145.2,4.84750292943908,-2.9299707056092,1057.40008192096
145.3,4.52426232727135,-3.23240602167732,1057.8352482406
145.4,4.17906406539604,-3.45198261875302,1058.23521114465
145.5,3.8201940157125,-3.58870049683548,1058.59901774794
145.6,3.45593805012002,-3.64255965592472,1058.92654375247
145.7,3.09458204051785,-3.61356009602176,1059.21849344744
145.8,2.7444118588055,-3.50170181712351,1059.47639970923
145.9,2.41371337688219,-3.30698481923306,1059.7026240014
146,2.11077246664725,-3.02940910234941,1059.90035637473
146.1,1.843875,-2.66897466647253,1060.07219484134
146.2,1.59289433208148,-2.50980667918512,1060.21869387554
146.3,1.33708635193128,-2.558079801502,1060.33973872975
146.4,1.08381073229611,-2.53275619635177,1060.43595062366
146.5,0.840427145922731,-2.43383586373375,1060.50868674424
146.6,0.614295265557937,-2.26131880364794,1060.56004024571
146.7,0.412774763948452,-2.01520501609485,1060.5928402496
146.8,0.243225313841172,-1.6954945010728,1060.61065184469
146.9,0.113006587982817,-1.30218725858355,1060.61777608705
147,0.0294782591201651,-0.835283288626521,1060.61925
147.1,-3.25781068788444e-15,-0.294782591201684,1060.61925
147.2,-3.25781068788444e-15,0,1060.61925
147.3,-3.25781068788444e-15,0,1060.61925
147.4,-3.25781068788444e-15,0,1060.61925
147.5,-3.25781068788444e-15,0,1060.61925
147.6,-3.25781068788444e-15,0,1060.61925
147.7,-3.25781068788444e-15,0,1060.61925
147.8,-3.25781068788444e-15,0,1060.61925
147.9,-3.25781068788444e-15,0,1060.61925
148,-3.25781068788444e-15,0,1060.61925
148.1,-3.25781068788444e-15,0,1060.61925
148.2,-3.25781068788444e-15,0,1060.61925
148.3,-3.25781068788444e-15,0,1060.61925
