0,1.25611326895481e-14,0,0
0.100000000000009,1.25611326895481e-14,0,0
0.200000000000003,1.25611326895481e-14,0,0
0.299999999999997,1.25611326895481e-14,0,0
0.400000000000006,1.25611326895481e-14,0,0
0.5,1.25611326895481e-14,0,0
0.600000000000009,1.25611326895481e-14,0,0
0.700000000000003,1.25611326895481e-14,0,0
0.799999999999997,1.25611326895481e-14,0,0
0.900000000000006,1.25611326895481e-14,0,0
1,1.25611326895481e-14,0,0
1.10000000000001,1.25611326895481e-14,0,0
1.2,1.25611326895481e-14,0,0
1.3,1.25611326895481e-14,0,0
1.40000000000001,1.25611326895481e-14,0,0
1.5,1.25611326895481e-14,0,0
1.60000000000001,1.25611326895481e-14,0,0
1.7,1.25611326895481e-14,0,0
1.8,1.25611326895481e-14,0,0
1.90000000000001,1.25611326895481e-14,0,0
2,1.25611326895481e-14,0,0
2.10000000000001,1.25611326895481e-14,0,0
2.2,1.25611326895481e-14,0,0
2.3,1.25611326895481e-14,0,0
2.40000000000001,1.25611326895481e-14,0,0
2.5,1.25611326895481e-14,0,0
2.60000000000001,1.25611326895481e-14,0,0
2.7,1.25611326895481e-14,0,0
2.8,1.25611326895481e-14,0,0
2.90000000000001,1.25611326895481e-14,0,0
3,1.25611326895481e-14,0,0
3.10000000000001,1.25611326895481e-14,0,0.00110326906730052
3.2,0.0220653813461701,0.220653813461575,0.00645111259615305
3.3,0.0848914892307841,0.62826107884614,0.0198668505288424
3.40000000000001,0.183423269423102,0.985317801923184,0.044668297384618
3.5,0.312605667692328,1.29182398269226,0.0836677622596085
3.60000000000001,0.467383629807704,1.54777962115376,0.139172048826907
3.7,0.64270210153849,1.75318471730785,0.212982455336515
3.8,0.833506028653864,1.90803927115374,0.30639477461537
3.90000000000001,1.03474035692311,2.01234328269248,0.420199294067288
4,1.24135003211541,2.06609675192296,0.55468079567305
4.10000000000001,1.44828000000001,2.06929967884603,0.710902353833518
4.2,1.67615116320932,2.27871163209312,0.891869453316673
4.3,1.94319082645357,2.67039663244242,1.10106667157029
4.40000000000001,2.24075353861893,2.97562712165362,1.34111404093082
4.5,2.56019384859144,3.1944030997251,1.61376704862326
4.60000000000001,2.89286630525725,3.32672456665816,1.91991663676126
4.7,3.23012545750254,3.37259152245283,2.25958920234706
4.8,3.56332585421331,3.3320039671077,2.63194659727151
4.90000000000001,3.88382204427577,3.20496190062463,3.03528612831408
5,4.18296857657595,2.99146532300182,3.46704055714289
5.10000000000001,4.45212000000001,2.6915142342406,3.92463569395494
5.2,4.69978273624063,2.47662736240622,4.40664671749835
5.3,4.94043773462749,2.40654998386862,4.91238867100483
5.40000000000001,5.17440133550243,2.33963600874935,5.44120823174032
5.5,5.40198987920713,2.27588543704703,5.99248371100484
5.60000000000001,5.6235197060834,2.21529826876268,6.56562505413265
5.7,5.83930715647303,2.15787450389629,7.1600738404922
5.8,6.04966857071772,2.1036141424469,7.77530328348607
5.90000000000001,6.25492028915929,2.05251718441576,8.410818230551
6,6.45537865213946,2.00458362980167,9.06615516315799
6.10000000000001,6.65136000000001,1.95981347860549,9.7410684125031
6.2,6.84690498690211,1.95544986902099,10.4356307121087
6.3,7.04434100521061,1.974360183085,11.1499184874979
6.40000000000001,7.24141450257298,1.97073497362374,11.8837828089584
6.5,7.43587192663659,1.94457424063604,12.6368493915427
6.60000000000001,7.62545972504887,1.89587798412281,13.408518595068
6.7,7.80792434545727,1.824646204084,14.1979654241163
6.8,7.98101223550915,1.73087890051879,15.0041395280344
6.90000000000001,8.14246984285197,1.61457607342825,15.8257652009336
7,8.29004361513311,1.47573772281142,16.6613413816903
7.10000000000001,8.42148000000001,1.31436384866897,17.5097457753683
7.2,8.54660787356139,1.25127873561379,18.3707884437828
7.3,8.67424549472838,1.27637621166994,19.2445318877868
7.40000000000001,8.80062338535213,1.26377890623752,20.1306616604186
7.5,8.92197206728372,1.21348681931582,21.0284863669015
7.60000000000001,9.03452206237425,1.12549995090537,21.936937664644
7.7,9.13450389247486,0.999818301006108,22.8545702632396
7.8,9.21814807943663,0.836441869617641,23.7795619244669
7.90000000000001,9.28168514511068,0.635370656740488,24.7097134622899
8,9.3213456113481,0.396604662374191,25.6424487428573
8.10000000000001,9.33336000000001,0.120143886519113,26.5756096465716
8.2,9.32985807428572,-0.0350192571428671,27.508381277143
8.3,9.32557453714287,-0.042835371428552,28.4406923700002
8.40000000000001,9.32064732000001,-0.04927217142858,29.3724854537145
8.5,9.31521435428572,-0.0543296571428442,30.3037168500002
8.60000000000001,9.30941357142858,-0.0580078285714408,31.2343566737144
8.7,9.30338290285715,-0.0603066857142842,32.1643888328573
8.8,9.29726028000001,-0.0612262285714174,33.0938110285716
8.90000000000001,9.29118363428572,-0.0607664571428615,34.022634755143
9,9.28529089714287,-0.0589273714285739,34.9508853000002
9.10000000000001,9.27972000000001,-0.0557089714285652,35.8785989522451
9.2,9.27455304489797,-0.0516695510204066,36.8058112346941
9.3,9.26969260408164,-0.0486044081632678,37.7325462306124
9.40000000000001,9.26500731428572,-0.0468528979591838,38.658814886939
9.5,9.26036581224491,-0.0464150204081761,39.5846150142859
9.60000000000001,9.25563673469389,-0.0472907755101914,40.509931286939
9.7,9.25068871836736,-0.049480163265315,41.4347352428573
9.8,9.24539040000001,-0.0529831836734616,42.3589852836737
9.90000000000001,9.23961041632654,-0.0577998367347056,43.2826266746941
10,9.23321740408164,-0.0639301224489834,44.2055915448981
10.1,9.22608000000001,-0.0713740408163161,45.1269995801058
10.2,9.20208070415367,-0.239992958463414,46.0444950248501
10.3,9.1478281907323,-0.542525134213684,46.9552504522691
10.4,9.06728035764706,-0.805478330852413,47.8568342252919
10.5,8.96439510280913,-1.02885254837933,48.7472104966389
10.6,8.84313032412966,-1.21264778679464,49.6247392088214
10.7,8.70744391951981,-1.35686404609855,50.4881760941419
10.8,8.56129378689076,-1.46150132629044,51.3366726746941
10.9,8.40863782415365,-1.52655962737109,52.1697762623628
11,8.25343392921969,-1.55203894933964,52.9874299588238
11.1,8.09964000000001,-1.53793929219678,53.7890604279457
11.2,7.93296938243864,-1.6667061756137,54.5727372568214
11.3,7.74056719507597,-1.92402187362671,55.3361925663111
11.4,7.52853899471756,-2.12028200358415,56.0777690329554
11.5,7.30299033816907,-2.25548656548488,56.7964198889757
11.6,7.07002678223609,-2.32963555932982,57.4917089222737
11.7,6.83575388372418,-2.34272898511902,58.1638104764318
11.8,6.60627719943904,-2.29476684285145,58.8135094507131
11.9,6.3877022861862,-2.18574913252841,59.442201300061
12,6.18613470077133,-2.01567585414869,60.0518920350995
12.1,6.00768000000001,-1.78454700771317,60.6446713256911
12.2,5.8479058118317,-1.59774188168311,61.2219254419917
12.3,5.69717651418013,-1.50729297651576,61.7844739071398
12.4,5.55379278878217,-1.43383725397958,62.3329663124477
12.5,5.41605531737479,-1.37737471407376,62.8678823174012
12.6,5.2822647816949,-1.33790535679891,63.3895316496599
12.7,5.1507218634794,-1.31542918215499,63.8980541050571
12.8,5.01972724446525,-1.3099461901415,64.3934195475998
12.9,4.88758160638934,-1.32145638075913,64.8754279094688
13,4.75258563098862,-1.34995975400716,65.3437091910182
13.1,4.61304000000001,-1.3954563098861,65.7975843126998
13.2,4.46446243363156,-1.48577566368452,66.236114756661
13.3,4.30614644559353,-1.58315988038033,66.6585248993345
13.4,4.14205640787601,-1.64090037717521,67.0644355543517
13.5,3.97615669246918,-1.65899715406824,67.4538639725434
13.6,3.81241167136317,-1.63745021106014,67.8272238419389
13.7,3.65478571654808,-1.57625954815088,68.185325287767
13.8,3.5072432000141,-1.47542516533981,68.5293748724553
13.9,3.37374849375132,-1.33494706262779,68.8609755956304
14,3.25826596974992,-1.15482524001401,69.1821268941179
14.1,3.16476000000001,-0.935059697499059,69.4947617482808
14.2,3.08793708325793,-0.768229167420875,69.8001752938464
14.3,3.02033382805431,-0.676032552036155,70.0993249738011
14.4,2.96265977104073,-0.576740570135792,70.3932391847966
14.5,2.91562444886879,-0.470353221719419,70.6830172771495
14.6,2.87993739819006,-0.356870506787303,70.9698295548419
14.7,2.85630815565612,-0.236292425339384,71.2549172755206
14.8,2.84544625791857,-0.108618977375551,71.539592650498
14.9,2.84806124162897,0.026149837104084,71.8252388447514
15,2.86486264343893,0.168014018099548,72.1133099769233
15.1,2.89656000000001,0.316973565610846,72.4054072214223
15.2,2.94538488997923,0.488248899792148,72.7032007786697
15.3,3.01048625496883,0.651013649896026,73.0081225752186
15.4,3.08794967600834,0.774634210395078,73.3212130957258
15.5,3.17386073413723,0.859110581288941,73.6431213829524
15.6,3.26430501039502,0.904442762577909,73.9741050377633
15.7,3.35536808582123,0.910630754262035,74.3140302191271
15.8,3.44313554145532,0.877674556340903,74.6623716441167
15.9,3.52369295833682,0.805574168815024,75.0182125879088
16,3.59312591750521,0.694329591683946,75.380244883784
16.1,3.64752000000001,0.543940824947988,75.7470860969952
16.2,3.68930426422389,0.417842642238736,76.1177219568192
16.3,3.72341293225546,0.341086680315684,76.4913770699644
16.4,3.74968933064819,0.26276398392731,76.8672603757946
16.5,3.76797678595553,0.182874553073404,77.2445651463289
16.6,3.77811862473094,0.101418387754123,77.6224689862418
16.7,3.77995817352788,0.0183954879693875,78.0001338328632
16.8,3.7733387588998,-0.066194146280802,78.3767059561782
16.9,3.75810370740016,-0.15235051499643,78.7513159588273
17,3.73409634558241,-0.240073618177464,79.1230787761064
17.1,3.70116000000001,-0.329363455823946,79.4901300260048
17.2,3.63986499796735,-0.612950020326685,79.8490303116087
17.3,3.53814071411004,-1.01724283857309,80.1962807996116
17.4,3.40686904594836,-1.31271668161676,80.5294708464591
17.5,3.25693189100265,-1.49937154945709,80.8472779983489
17.6,3.09921114679319,-1.57720744209462,81.1494679912306
17.7,2.94458871084025,-1.54622435952937,81.4368947508058
17.8,2.80394648066418,-1.4064223017607,81.7115003925283
17.9,2.68816635378524,-1.15780126878942,81.9763152216037
18,2.60813022772376,-0.800361260614828,82.2354577329899
18.1,2.57472000000001,-0.334102277237446,82.4930520500557
18.2,2.57716634131643,0.024463413164165,82.751706150595
18.3,2.59591566946869,0.187493281522598,83.0129356091992
18.4,2.62867350261699,0.327578331482992,83.2780265522762
18.5,2.67314535892151,0.444718563045182,83.5480356580494
18.6,2.72703675654244,0.538913976209332,83.8237901565585
18.7,2.78805321363999,0.61016457097547,84.1058878296592
18.8,2.85390024837432,0.658470347343344,84.3946970110232
18.9,2.92228337890565,0.683831305313299,84.6903565861382
19,2.99090812339415,0.686247444884978,84.9927759923079
19.1,3.05748000000001,0.665718766058642,85.3020985879678
19.2,3.1289719131984,0.714919131983876,85.6191152878545
19.3,3.21136208453443,0.823901713360272,85.9447265924698
19.4,3.3008640077733,0.895019232388745,86.2794543516925
19.5,3.39369117668018,0.928271689068782,86.6234417647775
19.6,3.48605708502026,0.92365908340075,86.9764533803565
19.7,3.57417522655872,0.881181415384688,87.3378750964375
19.8,3.65425909506074,0.800838685020187,87.7067141604051
19.9,3.72252218429152,0.682630892307742,88.0815991690205
20,3.77517798801621,0.526558037246922,88.4607800684213
20.1,3.80844000000001,0.33262011983803,88.842463741324
20.2,3.82523345805337,0.16793458053354,89.2253129220911
20.3,3.83175015728913,0.0651669923575949,89.6083556013269
20.4,3.82910342742611,-0.0264672986301484,89.9907311026074
20.5,3.81840659818314,-0.1069682924297,90.3716900824805
20.6,3.80077299927903,-0.176335989041087,90.7505945304661
20.7,3.7773159604326,-0.234570388464331,91.1269177690558
20.8,3.74914881136267,-0.281671490699335,91.5002444537133
20.9,3.71738488178804,-0.317639295746254,91.8702705728741
21,3.68313750142755,-0.34247380360488,92.2368034479455
21.1,3.64752000000001,-0.356175014275396,92.5994270421373
21.2,3.60495188383563,-0.425681161643876,92.9572502073976
21.3,3.55151142136987,-0.534404624657515,93.3093657827401
21.4,3.49080008547946,-0.607113358904158,93.6552267544661
21.5,3.42641934904111,-0.643807364383526,93.9946462561647
21.6,3.36197068493152,-0.644486641095856,94.3277975687127
21.7,3.30105556602741,-0.609151189041146,94.6552141202743
21.8,3.24727546520549,-0.537801008219136,94.9777894863018
21.9,3.20423185534247,-0.430436098630171,95.2967773895346
22,3.17552620931508,-0.287056460273938,95.6137917000004
22.1,3.16476000000001,-0.107662093150676,95.9303163220649
22.2,3.16573244129034,0.00972441290322656,96.2470734225811
22.3,3.16940956903227,0.0367712774193514,96.5643010554843
22.4,3.17514308903227,0.0573352000000078,96.8821724452907
22.5,3.18228470709679,0.0714161806451585,97.2007959870972
22.6,3.19018612903227,0.0790142193548356,97.520215246581
22.7,3.19819906064517,0.0801293161290389,97.8404089600004
22.8,3.20567520774195,0.0747614709677364,98.161291034194
22.9,3.21196627612904,0.062910683870971,98.482710546581
23,3.21642397161292,0.0445769548387051,98.8044517451617
23.1,3.21840000000001,0.0197602838709656,99.1263193516719
23.2,3.21895213020529,0.00552130205278445,99.4482435869212
23.3,3.21953257478007,0.00580444574780258,99.7702244509094
23.4,3.22008470498535,0.00552130205278445,100.092256280763
23.5,3.22055189208212,0.00467187096774601,100.414327750733
23.6,3.22087750733139,0.00325615249266598,100.7364218722
23.7,3.22100492199415,0.00127414662756564,101.058515993666
23.8,3.22087750733139,-0.00127414662756564,101.380581800763
23.9,3.22043863460412,-0.00438872727272788,101.702585316247
24,3.21963167507333,-0.00806959530792107,102.0244869
24.1,3.21840000000001,-0.0123167507331346,102.346229860364
24.2,3.21645920727274,-0.0194079272727307,102.667732903637
24.3,3.21360165818183,-0.0285754909090841,102.98890728
24.4,3.20988586909092,-0.0371578909091017,103.309670091273
24.5,3.20537035636365,-0.0451551272727198,103.629944290909
24.6,3.20011363636365,-0.0525671999999968,103.949658684
24.7,3.19417422545456,-0.0593941090909169,104.268747927273
24.8,3.18761064000001,-0.0656358545454481,104.587152529091
24.9,3.18048139636365,-0.0712924363636435,104.904818849455
25,3.1728450109091,-0.0763638545454502,105.2216991
25.1,3.16476000000001,-0.0808501090909051,105.537680051564
25.2,3.15485903127274,-0.0990096872727317,105.852528256364
25.3,3.14210506472729,-0.127539665454544,106.165986112364
25.4,3.12705205527274,-0.150530094545472,106.477851413018
25.5,3.11025395781819,-0.167980974545442,106.787977347273
25.6,3.09226472727274,-0.179892305454539,107.096272499564
25.7,3.07363831854547,-0.186264087272747,107.402700849818
25.8,3.05492868654547,-0.187096319999986,107.707281773455
25.9,3.03668978618183,-0.182389003636379,108.010090041382
26,3.01947557236365,-0.172142138181809,108.31125582
26.1,3.00384000000001,-0.156355723636354,108.6109467912
26.2,2.98997942400001,-0.13860576000001,108.909334668
26.3,2.97777811200001,-0.122013119999988,109.206589668
26.4,2.96732188800001,-0.104562240000018,109.5028905912
26.5,2.95869657600001,-0.0862531199999879,109.79842482
26.6,2.95198800000001,-0.0670857599999994,110.0933883192
26.7,2.94728198400001,-0.0470601599999992,110.387985636
26.8,2.94466435200001,-0.0261763200000029,110.6824299
26.9,2.94422092800001,-0.00443423999999482,110.9769428232
27,2.94603753600001,0.0181660799999986,111.2717547
27.1,2.95020000000001,0.0416246399999984,111.567757004129
27.2,2.96984608258066,0.196460825806484,111.867025465162
27.3,3.01552313806453,0.456770554838696,112.171973190968
27.4,3.08343137806454,0.67908240000007,112.484633310581
27.5,3.16977101419357,0.863396361290285,112.806658974194
27.6,3.27074225806453,1.00971243870962,113.139323353162
27.7,3.38254532129035,1.11803063225817,113.48351964
27.8,3.50138041548389,1.18835094193542,113.839761048387
27.9,3.62344775225809,1.22067336774203,114.208180813162
28,3.74494754322583,1.21499790967735,114.588532190323
28.1,3.86208000000001,1.17132456774187,114.981047326056
28.2,3.98822271465657,1.26142714656558,115.387215097799
28.3,4.13513272021254,1.46910005555969,115.808800703295
28.4,4.29657938969263,1.61446669480091,116.246946277585
28.5,4.46633209612147,1.69752706428834,116.702170893017
28.6,4.63816021252373,1.71828116402267,117.17437055924
28.7,4.80583311192413,1.67672899400394,117.662818223203
28.8,4.96312016734727,1.57287055423139,118.166163769162
28.9,5.10379075181786,1.40670584470598,118.682434018671
29,5.22161423836055,1.17823486542687,119.209032730589
29.1,5.31036000000001,0.88745761639462,119.743509957459
29.2,5.37918453741178,0.688245374117706,120.284559535765
29.3,5.4418070287059,0.626224912941133,120.831591930353
29.4,5.49884086305884,0.570338343529464,121.384078944989
29.5,5.55089942964707,0.520585665882316,121.941553722353
29.6,5.59859611764707,0.476966879999975,122.503610744048
29.7,5.64254431623531,0.439481985882388,123.069905830589
29.8,5.68335741458825,0.408130983529386,123.640156141412
29.9,5.72164880188237,0.382913872941212,124.214140174871
30,5.75803186729413,0.363830654117624,124.791697768236
30.1,5.79312000000001,0.350881327058801,125.372733552742
30.2,5.82759569011766,0.344756901176502,125.957198258471
30.3,5.8616984244706,0.341027343529393,126.545052034059
30.4,5.89537708729413,0.336786628235312,127.136249916565
30.5,5.92858056282354,0.33203475529411,127.730741831471
30.6,5.96125773529413,0.32677172470586,128.328472592683
30.7,5.99335748894119,0.320997536470607,128.92938190253
30.8,6.02482870800001,0.314712190588231,129.533404351765
30.9,6.0556202767059,0.307915687058842,130.140469419565
31,6.08568107929413,0.300608025882341,130.75050147353
31.1,6.11496000000001,0.292789207058803,131.363457743648
31.2,6.14416540235296,0.292054023529441,131.97935601
31.3,6.17379992470589,0.296345223529379,132.598221199412
31.4,6.20350386352943,0.29703938823533,133.220042268353
31.5,6.23291751529413,0.29413651764704,133.844772202942
31.6,6.2616811764706,0.28763661176469,134.472328018942
31.7,6.28943514352943,0.277539670588258,135.102590761765
31.8,6.31581971294119,0.263845694117627,135.735405506471
31.9,6.34047518117649,0.246554682352968,136.370581357765
32,6.3630418447059,0.2256666352941,137.00789145
32.1,6.38316000000001,0.201181552941161,137.647039345839
32.2,6.39979791677421,0.166379167741951,138.287667013549
32.3,6.41275543741937,0.129575206451598,138.929450796291
32.4,6.42292021741937,0.101647800000016,139.572155802775
32.5,6.43117991225808,0.0825969483870779,140.215635907259
32.6,6.43842217741937,0.0724226516129,140.859833749549
32.7,6.44553466838711,0.0711249096774295,141.504780735001
32.8,6.45340504064518,0.0787037225806451,142.150597034517
32.9,6.46292094967743,0.0951590903225892,142.797491584549
33,6.47497005096776,0.120491012903209,143.445762087097
33.1,6.49044000000001,0.154699490322578,144.09580981886
33.2,6.51051463526178,0.200746352617681,144.748087874025
33.3,6.53504646802751,0.245318327657312,145.402986505574
33.4,6.56292616296141,0.27879694933901,146.060785032959
33.5,6.59304438472767,0.301182217662586,146.721651842095
33.6,6.62429179799049,0.312474132628229,147.385644385365
33.7,6.65555906741408,0.312672694235875,148.052709181619
33.8,6.68573685766263,0.301777902485441,148.722681816172
33.9,6.71371583340033,0.279789757377074,149.395286940806
34,6.7383866592914,0.246708258910615,150.070138273771
34.1,6.75864000000001,0.202533407086182,150.746663339258
34.2,6.77186130974089,0.132213097408787,151.424089114236
34.3,6.7766541898255,0.0479288008461047,152.101608650006
34.4,6.77373652556321,-0.0291766426229536,152.778486786397
34.5,6.76382620226337,-0.0991032329984201,153.454060151772
34.6,6.74764110523534,-0.161850970280263,154.127737163023
34.7,6.72589911978848,-0.217419854468567,154.798998025574
34.8,6.69931813123217,-0.265809885563172,155.46739473338
34.9,6.66861602487574,-0.307021063564282,156.132551068925
35,6.63451068602857,-0.341053388471704,156.794162603226
35.1,6.59772000000001,-0.367906860285533,157.451352572613
35.2,6.54607938774194,-0.516406122580698,158.102190873871
35.3,6.47068663741937,-0.753927503225778,158.744582865001
35.4,6.37715318516129,-0.935334522580742,159.376995047613
35.5,6.27109046709678,-1.06062718064511,159.998455066936
35.6,6.15810991935485,-1.12980547741929,160.608551711807
35.7,6.04382297806452,-1.14286941290332,161.207434914678
35.8,5.93384107935485,-1.0998189870967,161.795815751613
35.9,5.83377565935484,-1.00065420000008,162.374966442291
36,5.74923815419356,-0.845375051612848,162.946720350001
36.1,5.68584000000001,-0.633981541935437,163.512844509001
36.2,5.63664318000002,-0.491968199999974,164.074215766667
36.3,5.59078197333334,-0.458612066666774,164.631153678334
36.4,5.54797626000001,-0.428057133333308,165.183949787334
36.5,5.50794592000001,-0.40030339999997,165.732867625001
36.6,5.47041083333335,-0.375350866666644,166.278142710667
36.7,5.43509088000002,-0.353199533333317,166.819982551667
36.8,5.40170594000001,-0.333849400000076,167.358566643334
36.9,5.36997589333334,-0.317300466666644,167.894046469001
37,5.33962062000001,-0.303552733333308,168.426545500001
37.1,5.31036000000001,-0.292606199999984,168.956160040001
37.2,5.28193080000002,-0.284291999999972,169.482965433334
37.3,5.25417706666668,-0.27753733333341,170.007023266667
37.4,5.22697960000001,-0.271974666666641,170.528383206667
37.5,5.20021920000001,-0.267603999999984,171.047083000001
37.6,5.17377666666668,-0.264425333333324,171.563148473334
37.7,5.14753280000002,-0.26243866666665,172.076593533334
37.8,5.12136840000001,-0.261644000000057,172.587420166667
37.9,5.09516426666668,-0.262041333333322,173.095618440001
38,5.06880120000001,-0.263630666666646,173.601166500001
38.1,5.04216000000002,-0.266411999999988,174.104087477144
38.2,5.01625954285716,-0.259004571428566,174.604489928572
38.3,4.9917894857143,-0.244700571428623,175.102486242858
38.4,4.96813680000001,-0.23652685714283,175.598127505715
38.5,4.94468845714287,-0.234483428571422,176.091403500001
38.6,4.92083142857144,-0.238570285714271,176.582242705715
38.7,4.8959526857143,-0.248787428571419,177.070512300001
38.8,4.86943920000001,-0.265134857142918,177.556018157144
38.9,4.84067794285715,-0.287612571428557,178.038504848572
39,4.8090558857143,-0.316220571428549,178.517655642858
39.1,4.77396000000002,-0.350958857142844,178.992913322572
39.2,4.73119359428573,-0.42766405714283,179.463376097144
39.3,4.67806189714286,-0.531316971428698,179.928089430001
39.4,4.61620476000001,-0.618571371428548,180.386262769715
39.5,4.54726203428573,-0.689427257142823,180.837269550001
39.6,4.47287357142859,-0.74388462857139,181.280647189715
39.7,4.39467922285716,-0.781943485714244,181.716097092858
39.8,4.31431884,-0.803603828571608,182.143484648572
39.9,4.23343227428572,-0.808865657142812,182.562839231144
40,4.15365937714287,-0.797728971428526,182.974354200001
40.1,4.07664000000001,-0.770193771428527,183.378160947601
40.2,3.99949495200002,-0.771450479999952,183.774081900001
40.3,3.918924096,-0.805708560000191,184.161824898001
40.4,3.835935864,-0.829882319999953,184.541198625601
40.5,3.75153868800001,-0.843971759999952,184.912112610001
40.6,3.66674100000001,-0.847976879999954,185.274577221601
40.7,3.58255123200002,-0.84189767999995,185.628703674001
40.8,3.499977816,-0.825734160000186,185.974704024001
40.9,3.42002918400001,-0.799486319999952,186.312891171601
41,3.34371376800001,-0.763154159999954,186.643678860001
41.1,3.27204000000001,-0.716737679999956,186.967553615536
41.2,3.2054551107097,-0.66584889290319,187.28498128142
41.3,3.14309820696775,-0.623569037419499,187.596336968517
41.4,3.08401553496775,-0.590826719999958,187.90190041231
41.5,3.02725334090324,-0.567621940645123,188.201855972904
41.6,2.97185787096776,-0.553954699354808,188.49629263502
41.7,2.91687537135486,-0.549824996129,188.785204008001
41.8,2.86135208825807,-0.555232830967872,189.068488325807
41.9,2.80433426787098,-0.570178203870932,189.34594844702
42,2.74486815638711,-0.594661114838677,189.61729185484
42.1,2.68200000000001,-0.628681563870936,189.882180677605
42.2,2.61577645530523,-0.662235446947852,190.1403324335
42.3,2.54725866259057,-0.685177927146558,190.391546096309
42.4,2.4770145935881,-0.702440690024776,190.635677436989
42.5,2.40561222002979,-0.714023735583086,190.872639023673
42.6,2.33361951364766,-0.719927063821298,191.102400221664
42.7,2.26160444617372,-0.720150674739412,191.32498719344
42.8,2.19013498933995,-0.714694568337632,191.540482898651
42.9,2.11977911487842,-0.703558744615339,191.749027094121
43,2.0511047945211,-0.686743203573163,191.950816333847
43.1,1.98468000000001,-0.664247945210879,192.146132478672
43.2,1.92164289649898,-0.630371035010362,192.335319763934
43.3,1.86210280874844,-0.595400877505332,192.518679126762
43.4,1.80508444780042,-0.57018360948021,192.696413975387
43.5,1.74961252470687,-0.554719230935521,192.868630189149
43.6,1.69471175051976,-0.549007741871071,193.035336118489
43.7,1.63940683629108,-0.553049142286868,193.196442584957
43.8,1.58272249307277,-0.566843432183083,193.351762881207
43.9,1.52368343191685,-0.590390611559225,193.501012770996
44,1.46131436387527,-0.623690680415766,193.64381048919
44.1,1.39464000000001,-0.666743638752562,193.779435224312
44.2,1.31785470243245,-0.767852975675629,193.906750688514
44.3,1.22845458162162,-0.894001208108315,194.02469426615
44.4,1.13041697108108,-0.98037610540536,194.13260107492
44.5,1.02771920432433,-1.02697766756751,194.230203965879
44.6,0.924338614864879,-1.03380589459454,194.317633523433
44.7,0.824252536216236,-1.00086078648643,194.395418065339
44.8,0.731438301891891,-0.92814234324345,194.464483642704
44.9,0.649873245405411,-0.815650564864799,194.526154039987
45,0.583534700270281,-0.663385451351299,194.582150775001
45.1,0.536400000000014,-0.47134700270267,194.634301786072
45.2,0.506620221428587,-0.297797785714272,194.684031334287
45.3,0.487970742857155,-0.186494785714324,194.73232313893
45.4,0.477865350000013,-0.101053928571412,194.779902297858
45.5,0.473717828571443,-0.0414752142857071,194.827235287501
45.6,0.472941964285728,-0.00775864285714145,194.874529962858
45.7,0.472951542857157,9.578571428559e-05,194.921735557501
45.8,0.471160350000014,-0.0179119285714354,194.968542683572
45.9,0.464982171428585,-0.0617817857142888,195.014383331787
46,0.451830792857156,-0.131513785714285,195.05843087143
46.1,0.429120000000014,-0.227107928571419,195.099685012287
46.2,0.395962817142874,-0.331571828571407,195.137229308572
46.3,0.354923108571435,-0.410397085714382,195.170405010001
46.4,0.308590920000009,-0.463321885714266,195.198812370858
46.5,0.259556297142869,-0.490346228571402,195.222310650001
46.6,0.2104092857143,-0.491470114285686,195.241018110858
46.7,0.163739931428588,-0.466693542857117,195.25531202143
46.8,0.122138280000008,-0.416016514285806,195.265828654287
46.9,0.0881943771428681,-0.339439028571396,195.273463286572
47,0.0644982685714417,-0.236961085714264,195.279370200001
47.1,0.0536400000000141,-0.108582685714276,195.284845694572
47.2,0.0558698914285851,0.02229891428571,195.291039454287
47.3,0.0680053028571597,0.121354114285746,195.29881406143
47.4,0.0874868400000167,0.194815371428569,195.308776158858
47.5,0.111755108571444,0.242682685714276,195.321276450001
47.6,0.138250714285728,0.264956057142842,195.336409698858
47.7,0.164414262857156,0.261635485714271,195.354014730001
47.8,0.187686360000018,0.232720971428622,195.373674428572
47.9,0.205507611428587,0.178212514285694,195.394715740287
48,0.215318622857157,0.0981101142857009,195.41620967143
48.1,0.214560000000014,-0.00758622857143132,195.437284444287
48.2,0.206935457142872,-0.0762454285714236,195.457531628572
48.3,0.198008228571441,-0.0892722857143071,195.476832450001
48.4,0.188008200000013,-0.100000285714281,195.495091122858
48.5,0.177165257142871,-0.108429428571423,195.512234850001
48.6,0.1657092857143,-0.114559714285708,195.528213822858
48.7,0.153870171428586,-0.118391142857136,195.54300122143
48.8,0.141877800000012,-0.119923714285742,195.556593214287
48.9,0.12996205714287,-0.119157428571421,195.569008958573
49,0.118352828571442,-0.116092285714279,195.580290600001
49.1,0.107280000000014,-0.110728285714279,195.590433924001
49.2,0.0955864800000148,-0.116935199999993,195.599332800001
49.3,0.0823910400000117,-0.131954400000031,195.606869220001
49.4,0.0683373600000124,-0.140536799999993,195.612989544001
49.5,0.0540691200000133,-0.142682399999992,195.617704500001
49.6,0.0402300000000141,-0.138391199999992,195.621089184001
49.7,0.0274636800000148,-0.127663199999993,195.623283060001
49.8,0.0164138400000124,-0.110498400000024,195.624489960001
49.9,0.00772416000001332,-0.086896799999991,195.624978084001
50,0.0020383200000139,-0.0568583999999941,195.625080000001
50.1,1.41323584779141e-14,-0.0203831999999977,195.625080000001
50.2,1.41323584779141e-14,0,195.625080000001
50.3,1.41323584779141e-14,0,195.625080000001
50.4,1.41323584779141e-14,0,195.625080000001
50.5,1.41323584779141e-14,0,195.625080000001
50.6,1.41323584779141e-14,0,195.625080000001
50.7,1.41323584779141e-14,0,195.625080000001
50.8,1.41323584779141e-14,0,195.625080000001
50.9,1.41323584779141e-14,0,195.625080000001
51,1.41323584779141e-14,0,195.625080000001
51.1,1.41323584779141e-14,0,195.625080000001
51.2,1.41323584779141e-14,0,195.625080000001
51.3,1.41323584779141e-14,0,195.625080000001
51.4,1.41323584779141e-14,0,195.625080000001
51.5,1.41323584779141e-14,0,195.625080000001
51.6,1.41323584779141e-14,0,195.625080000001
51.7,1.41323584779141e-14,0,195.625080000001
51.8,1.41323584779141e-14,0,195.625080000001
51.9,1.41323584779141e-14,0,195.625080000001
52,1.41323584779141e-14,0,195.625080000001
52.1,1.41323584779141e-14,0,195.625510519305
52.2,0.00861038608696969,0.0861038608695556,195.627626733914
52.3,0.0337139060869763,0.251035200000066,195.633023384349
52.4,0.0742191026087152,0.405051965217389,195.643186065392
52.5,0.129034518260887,0.54815415652172,195.659491226088
52.6,0.197068695652188,0.680341773913008,195.68320616974
52.7,0.277230177391313,0.801614817391254,195.715489053914
52.8,0.368427506086987,0.911973286956737,195.757388890436
52.9,0.469569224347852,1.01141718260865,195.809845545392
53,0.579563874782629,1.09994650434777,195.873689739132
53.1,0.697320000000014,1.17756125217385,195.950794060924
53.2,0.844766435855694,1.4744643585568,196.044969478947
53.3,1.03874192458839,1.93975488732701,196.160432568595
53.4,1.27051986838117,2.31777943792776,196.300527245485
53.5,1.53137366941724,2.60853801036065,196.46772476545
53.6,1.81257672987975,2.81203060462519,196.663623724541
53.7,2.10540245195189,2.92825722072138,196.88895005903
53.8,2.4011242378169,2.95721785865008,197.143557045404
53.9,2.69101548965777,2.8989125184087,197.426425300369
54,2.96634960965775,2.75334119999983,197.735662780852
54.1,3.21840000000001,2.52050390342261,198.069657164763
54.2,3.46148767821215,2.4308767821214,198.428367803145
54.3,3.71272508943523,2.51237411223078,198.812382696481
54.4,3.96757277727235,2.5484768783712,199.221835899611
54.5,4.22149128532683,2.53918508054479,199.656407521737
54.6,4.46994115720191,2.48449871875081,200.115323726422
54.7,4.70838293650084,2.38441779298931,200.597356731589
54.8,4.93227716682693,2.23894230326087,201.100824809519
54.9,5.13708439178329,2.0480722495636,201.623592286857
55,5.31826515497324,1.81180763189947,202.163069544606
55.1,5.47128000000001,1.53014845026776,202.716766829684
55.2,5.60266570156091,1.31385701560896,203.283054554112
55.3,5.72308878700475,1.20423085443838,203.860919214908
55.4,5.83420442891196,1.11115641907211,204.449512826346
55.5,5.93766779986308,1.03463370951122,205.048152919962
55.6,6.03513407243861,0.974662725755338,205.656322544544
55.7,6.12825841921906,0.931243467804474,206.273670266145
55.8,6.21869601278495,0.904375935658844,206.90001016807
55.9,6.30810202571672,0.894060129317734,207.535321850885
56,6.39813163059491,0.900296048781886,208.179750432415
56.1,6.49044000000001,0.923083694051058,208.833524492482
56.2,6.58504120133064,0.946012013306238,209.496799225827
56.3,6.68045346557407,0.954122642434292,210.16962630964
56.4,6.77608821069374,0.956347451196695,210.851998562908
56.5,6.87135685465316,0.952686439594267,211.543849946411
56.6,6.96567081541584,0.94313960762673,212.245055562729
56.7,7.05844151094524,0.927706955294063,212.955431656237
56.8,7.1490803592049,0.906388482596555,213.674735613105
56.9,7.23699877815824,0.879184189533415,214.402665961301
57,7.32160818576878,0.846094076105434,215.13886237059
57.1,7.40232000000001,0.807118142312323,215.882963571321
57.2,7.4797040146264,0.773840146263872,216.634691544326
57.3,7.55485544546903,0.751514308426237,217.393833008777
57.4,7.62797384356123,0.731183980922047,218.160194638952
57.5,7.69925875993643,0.71284916375195,218.93360306423
57.6,7.768909745628,0.696509856915703,219.713904869095
57.7,7.83712635166933,0.682166060413315,220.500966593133
57.8,7.90410812909383,0.66981777424499,221.294674731035
57.9,7.97005462893484,0.659464998410119,222.094935732593
58,8.03516540222577,0.651107732909341,222.901676002704
58.1,8.09964000000001,0.644745977742414,223.715050575825
58.2,8.16785146241822,0.682114624182042,224.535544908991
58.3,8.24203520091041,0.741837384921925,225.363605885208
58.4,8.31918432341396,0.771491225035522,226.199379698272
58.5,8.39629193786631,0.771076144523437,227.042711852775
58.6,8.47035115220485,0.740592143385427,227.893147164104
58.7,8.53835507436701,0.680039221621598,228.749929758437
58.8,8.59729681229021,0.589417379231993,229.612003072747
58.9,8.64416947391183,0.468726616216174,230.478009854801
59,8.67596616716929,0.317966932574632,231.346292163159
59.1,8.68968000000001,0.137138328307248,232.215197015338
59.2,8.68841704356826,-0.0126295643175673,233.083547973507
59.3,8.6786021198216,-0.0981492374665792,233.950588402642
59.4,8.66220646287245,-0.163956569491518,234.815758791127
59.5,8.6412013068332,-0.2100515603925,235.67869675076
59.6,8.61755788581625,-0.236434210169474,236.539237016747
59.7,8.593247433934,-0.243104518822459,237.397411447709
59.8,8.57024118529885,-0.230062486351522,238.253449025675
59.9,8.55051037402321,-0.197308112756456,239.107775856087
60,8.53602623421946,-0.144841398037457,239.961015167798
60.1,8.52876000000002,-0.0726623421944587,240.813758037561
60.2,8.52609739525425,-0.0266260474576292,241.66627949164
60.3,8.5243316863277,-0.017657089265537,242.518685847007
60.4,8.52379542101696,-0.00536265310734762,243.371116675414
60.5,8.52482114711866,0.0102572610169602,244.223744803391
60.6,8.52774141242939,0.0292026531073333,245.07677631225
60.7,8.53288876474578,0.0514735231638461,245.93045053808
60.8,8.54059575186442,0.0770698711864561,246.785040071753
60.9,8.55119492158194,0.105991697175142,247.640850758917
61,8.56501882169493,0.138239001129936,248.498221700001
61.1,8.58240000000001,0.173811783050837,249.357664061232
61.2,8.6064472246154,0.240472246153825,250.219935191283
61.3,8.63897537641028,0.325281517948795,251.085802768719
61.4,8.67837617230771,0.394007958974346,251.955873643796
61.5,8.72304132923079,0.446651569230763,252.830593838463
61.6,8.77136256410258,0.483212348717921,253.71024854636
61.7,8.82173159384618,0.503690297436008,254.594962132822
61.8,8.87254013538464,0.508085415384581,255.484698134873
61.9,8.92217990564105,0.496397702564086,256.379259261232
62,8.96904262153848,0.468627158974328,257.278287392309
62.1,9.01152000000002,0.424773784615354,258.181419595432
62.2,9.05112406246156,0.396040624615474,259.08849607154
62.3,9.09040545969233,0.392813972307678,259.999482037155
62.4,9.12931385261541,0.38908392923074,260.914337674894
62.5,9.16779890215386,0.384850495384583,261.833018133463
62.6,9.20581026923078,0.380113670769209,262.755473527663
62.7,9.24329761476925,0.374873455384702,263.681648938386
62.8,9.28021059969233,0.369129849230753,264.611484412617
62.9,9.3164988849231,0.36288285230766,265.544914963432
63,9.35211213138463,0.35613246461537,266.481870570002
63.1,9.38700000000001,0.34887868615382,267.422155517059
63.2,9.41869894114288,0.31698941142864,268.36537475943
63.3,9.44568590628573,0.269869651428544,269.311125120144
63.4,9.46932130800002,0.236354017142844,270.259139463487
63.5,9.49096555885716,0.216442508571415,271.209286695001
63.6,9.51197907142858,0.210135125714267,272.161571761487
63.7,9.53372225828573,0.217431868571473,273.116135651002
63.8,9.55755553200002,0.238332737142854,274.073255392859
63.9,9.58483930514287,0.27283773142857,275.03334405763
64,9.61693399028573,0.320946851428555,275.996950757144
64.1,9.65520000000001,0.382660097142832,276.964922783974
64.2,9.70424053658387,0.490405365838626,277.938459436989
64.3,9.76649252372673,0.622519871428565,278.91878741098
64.4,9.84006695608698,0.735744323602468,279.9069445002
64.5,9.923074828323,0.830078722360206,280.903779598371
64.6,10.0136271350932,0.905523067701822,281.909952698679
64.7,10.1098348710559,0.962077359627571,282.925934893775
64.8,10.2098090308696,0.99974159813658,283.952008375778
64.9,10.3116606091926,1.01851578322974,284.988266436272
65,10.4135006006832,1.01839991490679,286.034613466306
65.1,10.51344,0.999393993167644,287.091106820957
65.2,10.6164270930173,1.02987093017311,288.158290557361
65.3,10.727247635076,1.10820542058664,289.236841380367
65.4,10.8437688250341,1.16521189958088,290.327222714706
65.5,10.9638578617496,1.20089036715551,291.429684704998
65.6,11.0853819440807,1.21524082331057,292.544264215746
65.7,11.2062082708853,1.20826326804637,293.670784831341
65.8,11.3242040410215,1.17995770136191,294.80885685606
65.9,11.4372364533473,1.13032412325817,295.957877314063
66,11.5431727067208,1.05936253373486,297.117029949399
66.1,11.63988,0.967072932791985,298.28558251952
66.2,11.7311714024097,0.912914024096587,299.463221001929
66.3,11.8215982457832,0.904268433734885,300.649807670363
66.4,11.9101351228916,0.885368771084287,301.845102257833
66.5,11.995756626506,0.85621503614454,303.048761956628
66.6,12.0774373493976,0.816807228915622,304.260341418315
66.7,12.1541518843374,0.767145349397765,305.479292753737
66.8,12.2248748240964,0.707229397590311,306.704965533014
66.9,12.2885807614458,0.63705937349394,307.936606785544
67,12.3442442891566,0.556635277108378,309.173361000002
67.1,12.39084,0.465957108433706,310.414479906547
67.2,12.4315381309091,0.406981309090994,311.659567956365
67.3,12.4702228654546,0.386847345454519,312.908426085456
67.4,12.5069397163637,0.367168509090874,314.160859781093
67.5,12.5417341963637,0.347944799999993,315.41667908182
67.6,12.5746518181818,0.329176218181793,316.675698577456
67.7,12.6057380945455,0.310862763636422,317.937737409093
67.8,12.6350385381818,0.293004436363624,319.202619269093
67.9,12.6625986618182,0.275601236363592,320.470172401093
68,12.6884639781818,0.258653163636367,321.740229600002
68.1,12.71268,0.242160218181802,323.012649397093
68.2,12.7357159418182,0.230359418181877,324.287339629093
68.3,12.7580886981818,0.223727563636331,325.564239829093
68.4,12.7799153018182,0.218266036363637,326.843301233456
68.5,12.8013127854546,0.213974836363626,328.12448678182
68.6,12.8223981818182,0.210853963636361,329.407771117093
68.7,12.8432885236364,0.208903418181862,330.693140585456
68.8,12.8641008436364,0.208123200000002,331.980593236365
68.9,12.8849521745455,0.20851330909089,333.270138822547
69,12.9059595490909,0.210073745454522,334.561798800002
69.1,12.92724,0.212804509090901,335.855586404573
69.2,12.9485120914286,0.212720914285775,337.151486914287
69.3,12.9694981028572,0.209860114285682,338.44947785143
69.4,12.99032064,0.208225371428548,339.749548998859
69.5,13.0111023085714,0.207816685714285,341.051702400002
69.6,13.0319657142857,0.208634057142852,342.355952358859
69.7,13.0530334628572,0.210677485714334,343.662325440002
69.8,13.07442816,0.213946971428542,344.970860468573
69.9,13.0962724114286,0.218442514285727,346.281608530287
70,13.1186888228572,0.224164114285678,347.59463297143
70.1,13.1418,0.231111771428566,348.910045183578
70.2,13.1664442429493,0.24644242949315,350.228018240186
70.3,13.1930168892166,0.265726462672795,351.548717889679
70.4,13.2209761006452,0.279592114285698,352.872255696665
70.5,13.2497800390784,0.288039384331775,354.198689041937
70.6,13.2788868663595,0.291068272811046,355.528021122472
70.7,13.3077547443318,0.288678779723575,356.86020095143
70.8,13.3358418348387,0.280870905069108,358.195123358158
70.9,13.3626062997235,0.26764464884792,359.532628988186
71,13.3875063008295,0.249000011059884,360.872504303228
71.1,13.41,0.224936991705065,362.214550827043
71.2,13.4309304763134,0.209304763133694,363.558653369587
71.3,13.4511203745622,0.201898982488451,364.904709248573
71.4,13.4699972051613,0.188768305990792,366.252558532757
71.5,13.4869884785254,0.169912733640544,367.601984041937
71.6,13.5015217050691,0.145332265437773,368.952711346951
71.7,13.5130243952074,0.1150269013825,370.304408769679
71.8,13.5209240593549,0.0789966414746388,371.656687383043
71.9,13.5246482079263,0.0372414857142757,373.009101011006
72,13.5236243513364,-0.0102385658986108,374.361146228573
72.1,13.51728,-0.0634435133640636,375.712165251248
72.2,13.5031004534955,-0.141795465045632,377.061327579941
72.3,13.4801461203648,-0.22954333130702,378.407845244683
72.4,13.4502071744681,-0.29938945896653,379.751109292889
72.5,13.4150737896657,-0.351333848024311,381.090689789363
72.6,13.3765361398176,-0.385376498480213,382.426335816294
72.7,13.3363843987842,-0.401517410334449,383.757975473254
72.8,13.2964087404255,-0.399756583586594,385.085715877205
72.9,13.2583993386018,-0.380094018237053,386.409843162494
73,13.2241463671733,-0.342529714285697,387.730822480853
73.1,13.19544,-0.287063671732504,389.049252471989
73.2,13.1731598227169,-0.222801772831459,390.365712689953
73.3,13.156044536563,-0.171152861538452,391.680648566221
73.4,13.1426729888053,-0.133715477577731,392.994363416997
73.5,13.1316240267103,-0.110489620949252,394.30701844321
73.6,13.121476497545,-0.101475291653038,395.618632730516
73.7,13.1108092485761,-0.106672489689046,396.929083249298
73.8,13.0982011270704,-0.126081215057276,398.238104854666
73.9,13.0822309802946,-0.159701467757771,399.545290286457
74,13.0614776555156,-0.207533247790508,400.850090169233
74.1,13.03452,-0.269576555155468,402.151729137233
74.2,12.99825936,-0.362606400000096,403.44924525231
74.3,12.9520629415385,-0.461964184615368,404.741758818463
74.4,12.8982083815385,-0.538545599999992,406.028617903387
74.5,12.8389733169231,-0.592350646153818,407.309398338464
74.6,12.7766353846154,-0.623379323076869,408.583903718771
74.7,12.7134722215385,-0.631631630769377,409.852165403079
74.8,12.6517614646154,-0.617107569230747,411.114442513848
74.9,12.5937807507692,-0.57980713846149,412.371221937233
75,12.5418077169231,-0.5197303384615,413.623218323079
75.1,12.49812,-0.436877169230734,414.87115374831
75.2,12.4605885046154,-0.375314953846214,416.115448255387
75.3,12.4253016369231,-0.352868676923081,417.356306501541
75.4,12.3918632861539,-0.334383507692294,418.593893532925
75.5,12.3598773415385,-0.319859446153813,419.828334784617
75.6,12.3289476923077,-0.30929649230768,421.059716080617
75.7,12.2986782276923,-0.302694646153916,422.288083633848
75.8,12.2686728369231,-0.300053907692287,423.513444046156
75.9,12.2385354092308,-0.301374276923048,424.73576430831
76,12.2078698338462,-0.306655753846136,425.954971800002
76.1,12.17628,-0.31589833846153,427.17097743382
76.2,12.1438326763636,-0.324473236363709,428.383717854548
76.3,12.1109757381818,-0.32856938181817,429.593160878184
76.4,12.0778847345455,-0.330910036363619,430.799291875638
76.5,12.0447352145455,-0.331495199999971,432.002113772729
76.6,12.0117027272727,-0.330324872727268,433.201647050184
76.7,11.9789628218182,-0.327399054545531,434.397929743638
76.8,11.9466910472727,-0.322717745454526,435.591017443638
76.9,11.9150629527273,-0.316280945454509,436.780983295638
77,11.8842540872727,-0.308088654545458,437.967918000002
77.1,11.85444,-0.298140872727245,439.151922253638
77.2,11.8256450727273,-0.287949272727324,440.333088463638
77.3,11.7976791272727,-0.279659454545446,441.511492213638
77.4,11.7703958727273,-0.272832545454541,442.687194458184
77.5,11.7436490181818,-0.267468545454505,443.860241522729
77.6,11.7172922727273,-0.263567454545466,445.030665103639
77.7,11.6911793454546,-0.261129272727317,446.198482268184
77.8,11.6651639454546,-0.260153999999971,447.363695454548
77.9,11.6390997818182,-0.260641636363644,448.52629247182
78,11.6128405636364,-0.262592181818164,449.686246500002
78.1,11.58624,-0.266005636363616,450.843550189716
78.2,11.5598337942857,-0.264062057142916,451.998245442859
78.3,11.5340712685714,-0.257625257142856,453.150382834288
78.4,11.50867656,-0.253947085714259,454.299985352574
78.5,11.4833738057143,-0.253027542857126,455.447048400002
78.6,11.4578871428572,-0.254866628571414,456.591539792574
78.7,11.4319407085714,-0.259464342857207,457.733399760002
78.8,11.40525864,-0.26682068571425,458.872540945716
78.9,11.3775650742857,-0.276935657142844,460.008848406859
79,11.3485841485714,-0.289809257142857,461.142179614288
79.1,11.31804,-0.305441485714268,462.272322125643
79.2,11.2848102271043,-0.332297728957606,463.39897517896
79.3,11.2482508392278,-0.365593878764478,464.521827900408
79.4,11.2088035897297,-0.394472494980668,465.640613591493
79.5,11.1669102319691,-0.418933577606154,466.755109729056
79.6,11.123012519305,-0.438977126640914,467.865137965276
79.7,11.0775522050965,-0.454603142085055,468.970564127666
79.8,11.0309710427027,-0.465811623938194,470.071298219076
79.9,10.9837107854826,-0.472602572200735,471.16729441769
80,10.9362131867954,-0.47497598687255,472.258551077029
80.1,10.88892,-0.472931867953662,473.345046413288
80.2,10.8409867251689,-0.479332748310931,474.426652656843
80.3,10.791138145946,-0.498485792229708,475.503168061193
80.4,10.7391699410473,-0.519682048986446,476.574370447705
80.5,10.6848777891892,-0.54292151858106,477.640017205619
80.6,10.6280573690879,-0.568204201013465,478.699845292046
80.7,10.5685043594595,-0.595530096283937,479.75357123197
80.8,10.5060144390203,-0.624899204391859,480.800891118245
80.9,10.4403832864865,-0.656311525337806,481.841480611599
81,10.3714065805743,-0.689767059121585,482.874994940627
81.1,10.29888,-0.725265805743199,483.900829550215
81.2,10.21781219175,-0.810678082500197,484.917939435002
81.3,10.124385504,-0.934266877499972,485.925166518565
81.4,10.02015616725,-1.04229336749995,486.921508347527
81.5,9.90668041200002,-1.13475755249994,487.906118091565
81.6,9.78551446875002,-1.21165943249992,488.878304543402
81.7,9.65821456799999,-1.27299900750031,489.837532118815
81.8,9.52633694025,-1.31877627749993,490.783420856627
81.9,9.39143781600001,-1.34899124249993,491.715746418715
82,9.25507342575002,-1.36364390249992,492.634440090002
82.1,9.11880000000002,-1.36273425749993,493.538570891616
82.2,8.9638160322857,-1.54983967714324,494.425636203859
82.3,8.77749021257142,-1.86325819714282,495.293042417788
82.4,8.570634066,-2.06856146571419,496.139277076974
82.5,8.3540591177143,-2.165749482857,496.963908877502
82.6,8.13857689285717,-2.15482224857132,497.767587667974
82.7,7.93499891657141,-2.03577976285757,498.552044449502
82.8,7.75413671399999,-1.80862202571415,499.320091375716
82.9,7.60680181028572,-1.4733490371427,500.075621752759
83,7.50380573057145,-1.02996079714276,500.823610039288
83.1,7.45596000000002,-0.478457305714244,501.568570413996
83.2,7.44324749415587,-0.127125058441571,502.312627964807
83.3,7.43790352207794,-0.0534397207792238,503.056479053866
83.4,7.43911825909093,0.0121473701298846,503.800739060846
83.5,7.44608188051951,0.0696362142857225,504.545942382957
83.6,7.45798456168833,0.11902681168829,505.292542434937
83.7,7.47401647792211,0.160319162337714,506.040911649061
83.8,7.49336780454548,0.193513266233761,506.791341475132
83.9,7.51522871688314,0.218609123376613,507.544042380489
84,7.53878939025977,0.235606733766226,508.299143850002
84.1,7.56324000000002,0.244506097402578,509.0568180389
84.2,7.59024377795458,0.270037779545519,509.817382448525
84.3,7.62104441454548,0.308006365909084,510.5811448079
84.4,7.65420277295457,0.331583584090886,511.348268932366
84.5,7.68827971636366,0.340769434090906,512.118774723582
84.6,7.72183610795457,0.335563915909067,512.892538169525
84.7,7.75343281090912,0.31596702954553,513.669291344491
84.8,7.78163068840912,0.281978774999974,514.448622409093
84.9,7.80499060363639,0.233599152272699,515.229975610264
85,7.82207341977275,0.17082816136362,516.012651281252
85.1,7.83144000000002,0.0936658022727244,516.796020243862
85.2,7.83593925220591,0.0449925220588447,517.579786773532
85.3,7.8393913411765,0.0345208897058633,518.363847041363
85.4,7.8418140154412,0.0242267426470555,519.148098993311
85.5,7.84322502352944,0.014110080882368,519.932442350186
85.6,7.84364211397061,0.00417090441175816,520.716778607649
85.7,7.84308303529414,-0.00559078676472068,521.501011036215
85.8,7.84156553602944,-0.0151749926470472,522.285044681252
85.9,7.83910736470591,-0.0245817132352961,523.06878636298
86,7.83572626985297,-0.033810948529414,523.852144676473
86.1,7.83144000000002,-0.0428626985294116,524.635046034355
86.2,7.82658715764708,-0.0485284235294188,525.417451380002
86.3,7.82151975529414,-0.0506740235294138,526.19934115059
86.4,7.81627565647061,-0.0524409882352934,526.980699569649
86.5,7.81089272470591,-0.0538293176470468,527.761514647061
86.6,7.80540882352944,-0.054839011764706,528.541778179061
86.7,7.79986181647061,-0.0554700705882496,529.321485748237
86.8,7.79428956705885,-0.0557224941176458,530.100636723531
86.9,7.78872993882355,-0.0555962823529264,530.879234260237
87,7.78322079529414,-0.0550914352941234,531.657285300002
87.1,7.77780000000002,-0.0542079529411729,532.434803134502
87.2,7.77255669000002,-0.0524331000000018,533.211806025002
87.3,7.76750112000002,-0.0505557000000074,533.988308722502
87.4,7.76255283000002,-0.0494828999999939,534.764317932002
87.5,7.75763136000002,-0.0492147000000038,535.539832312502
87.6,7.75265625000003,-0.0497510999999946,536.314842477002
87.7,7.74754704000002,-0.0510921000000089,537.089330992502
87.8,7.74222327000002,-0.0532377000000146,537.863272380002
87.9,7.73660448000002,-0.0561878999999905,538.636633114502
88,7.73061021000002,-0.0599427000000006,539.409371625002
88.1,7.72416000000003,-0.0645020999999915,540.181407259931
88.2,7.71655269857145,-0.0760730142857291,540.952603045716
88.3,7.70736301714288,-0.0918968142857288,541.722817411073
88.4,7.69692429000002,-0.104387271428557,542.491942118145
88.5,7.6855698514286,-0.113544385714278,543.259902262502
88.6,7.67363303571431,-0.119368157142858,544.026656273145
88.7,7.66144717714288,-0.1218585857143,544.792195912502
88.8,7.64934561000002,-0.121015671428569,545.556546276431
88.9,7.63766166857145,-0.11683941428571,546.319765794216
89,7.62672868714288,-0.109329814285701,547.081946228574
89.1,7.61688000000002,-0.0984868714285732,547.843292628184
89.2,7.61004799221887,-0.0683200778115598,548.60416008292
89.3,7.60730110249243,-0.0274688972644306,549.364908975321
89.4,7.60767674553194,0.00375643039514628,550.1258034294
89.5,7.61021233604866,0.0253559051671708,550.88701131064
89.6,7.61394528875382,0.0373295270516642,551.648604225996
89.7,7.61791301835869,0.039677296048648,552.410557523893
89.8,7.62115293957449,0.0323992121580474,553.172750294227
89.9,7.62270246711249,0.0154952753799478,553.934965368367
90,7.62159901568392,-0.0110345142857256,554.696889319151
90.1,7.61688000000002,-0.0471901568389086,555.457838229504
90.2,7.60209820706546,-0.147817929345692,556.216587878324
90.3,7.57289476932961,-0.292034377358501,556.971804597774
90.4,7.53143961967084,-0.41455149658771,557.722371713306
90.5,7.4799026909675,-0.515369287033306,558.467389543659
90.6,7.42045391609798,-0.594487748695268,559.206175400861
90.7,7.3552632279406,-0.651906881573822,559.938263590227
90.8,7.28650055937376,-0.68762668566837,560.663405410359
90.9,7.21633584327581,-0.701647160979476,561.381569153149
91,7.14693901252511,-0.693968307506993,562.092940103776
91.1,7.08048000000003,-0.664590125250864,562.797650967081
91.2,7.01373726611322,-0.667427338868073,563.49543515887
91.3,6.94194656966039,-0.717906964528283,564.185780676908
91.4,6.86496379109436,-0.769827785660329,564.868161107006
91.5,6.78264481086795,-0.823189802264118,565.542035623021
91.6,6.69484550943399,-0.877993014339574,566.206848986855
91.7,6.60142176724529,-0.934237421886995,566.862031548455
91.8,6.50222946475473,-0.991923024905635,567.506999245813
91.9,6.39712448241511,-1.05104982339616,568.141153604968
92,6.28596270067927,-1.11161781735843,568.763881740002
92.1,6.16860000000003,-1.1736270067924,569.374256035119
92.2,6.03888590234482,-1.29714097655204,569.970841422209
92.3,5.89282183944827,-1.46064062896547,570.552157092002
92.4,5.7334915564138,-1.59330283034476,571.11703060974
92.5,5.56397879834484,-1.69512758068956,571.664597915175
92.6,5.38736731034485,-1.7661148799999,572.194303322568
92.7,5.20674083751723,-1.80626472827627,572.705899520692
92.8,5.02518312496551,-1.81557712551715,573.19944757283
92.9,4.84577791779311,-1.79405207172402,573.675316916775
93,4.67160896110346,-1.74168956689645,574.13418536483
93.1,4.50576000000002,-1.65848961103439,574.576622327175
93.2,4.34297924689654,-1.62780753103486,575.00262769283
93.3,4.17712806620689,-1.65851180689646,575.411982092692
93.4,4.00995993103449,-1.67168135172404,575.804641504968
93.5,3.84322831448277,-1.66731616551715,576.180737255175
93.6,3.6786866896552,-1.64541624827576,576.54057601614
93.7,3.51808852965516,-1.60598160000036,576.884639808002
93.8,3.3631873075862,-1.54901222068956,577.213585998209
93.9,3.21573649655173,-1.47450811034473,577.52824730152
94,3.07748956965519,-1.38246926896543,577.829631780002
94.1,2.95020000000002,-1.27289569655165,578.118672066619
94.2,2.83060573233027,-1.19594267669752,578.395934702094
94.3,2.71464697717432,-1.15958755155956,578.661811081269
94.4,2.60288060631194,-1.11766370862378,578.91674828616
94.5,2.49586349152295,-1.07017114788985,579.161249085966
94.6,2.39415250458718,-1.01710986935774,579.395871937059
94.7,2.29830451728441,-0.958479873027734,579.621230982993
94.8,2.2088764013945,-0.894281158899016,579.837996054498
94.9,2.12642502869726,-0.82451372697242,580.046892669481
95,2.0515072709725,-0.749177577247657,580.24870203303
95.1,1.98468000000002,-0.668272709724732,580.444327021243
95.2,1.92781976426349,-0.568602357365338,580.634755875397
95.3,1.88075731880839,-0.470624454551035,580.8208427836
95.4,1.84098084525721,-0.397764735511769,581.003190752124
95.5,1.80597852523247,-0.350023200247375,581.182151605404
95.6,1.77323854035669,-0.327399848757842,581.357825986034
95.7,1.74024907225236,-0.329894681043266,581.530063354774
95.8,1.70449830254202,-0.357507697103381,581.698461990543
95.9,1.66347441284818,-0.410238896938445,581.862368990426
96,1.61466558479334,-0.488088280548376,582.020880269665
96.1,1.55556000000002,-0.591055847933174,582.172772332209
96.2,1.48228125087641,-0.732787491236137,582.316653640452
96.3,1.39534491397754,-0.86936336898874,582.451362243508
96.4,1.29882714714608,-0.96517766831456,582.576143806276
96.5,1.19680410822474,-1.02023038921343,582.690651609441
96.6,1.0933519550562,-1.03452153168534,582.794946549468
96.7,0.992546845483147,-1.00805109573056,582.889497138609
96.8,0.898464937348322,-0.940819081348246,582.975179504901
96.9,0.815182388494397,-0.83282548853926,583.053277392164
97,0.746775356764065,-0.684070317303318,583.125482160003
97.1,0.697320000000023,-0.494553567640415,583.193395227603
97.2,0.660941352000015,-0.363786480000079,583.257871044003
97.3,0.628574976000018,-0.323663759999974,583.319275434003
97.4,0.59951282400002,-0.29062151999998,583.377903417603
97.5,0.573046848000022,-0.264659759999982,583.433979210002
97.6,0.548469000000023,-0.245778479999987,583.487656221602
97.7,0.525071232000018,-0.233977680000052,583.539017058003
97.8,0.502145496000019,-0.229257359999988,583.588073520002
97.9,0.478983744000021,-0.231617519999987,583.634766603602
98,0.454877928000022,-0.241058159999988,583.678966500002
98.1,0.429120000000023,-0.257579279999987,583.720492241252
98.2,0.401394825000017,-0.277251750000065,583.759175062502
98.3,0.372261600000018,-0.291332249999987,583.794904331252
98.4,0.34232377500002,-0.299378249999983,583.827629760002
98.5,0.312184800000021,-0.301389749999983,583.857361406252
98.6,0.282448125000023,-0.297366749999983,583.884169672502
98.7,0.253717200000017,-0.287309250000064,583.908185306252
98.8,0.226595475000018,-0.271217249999981,583.929599400002
98.9,0.20168640000002,-0.249090749999982,583.948663391252
99,0.179593425000022,-0.220929749999984,583.965689062502
99.1,0.160920000000023,-0.186734249999988,583.980961041002
99.2,0.144519570000019,-0.164004300000036,583.994634547502
99.3,0.128950560000021,-0.155690099999989,584.006800770002
99.4,0.114373890000021,-0.14576669999999,584.017566988502
99.5,0.100950480000022,-0.134234099999992,584.027056575002
99.6,0.088841250000023,-0.121092299999993,584.035408993502
99.7,0.0782071200000208,-0.106341300000022,584.042779800002
99.8,0.0692090100000216,-0.0899810999999917,584.049340642502
99.9,0.0620078400000223,-0.0720116999999929,584.055279261002
100,0.0567645300000228,-0.0524330999999953,584.060799487502
100.1,0.0536400000000231,-0.0312452999999976,584.066085170187
100.2,0.052073653695675,-0.0156634630434808,584.071253311307
100.3,0.0512891686956752,-0.00784484999999819,584.076373963535
100.4,0.0511238758695883,-0.00165292826086868,584.081500912633
100.5,0.0514151060869796,0.00291230217391316,584.086671677448
100.6,0.0520001902174144,0.00585084130434755,584.091907509915
100.7,0.052716459130458,0.00716268913043644,584.097213395057
100.8,0.0534012436956753,0.00684784565217336,584.102578050981
100.9,0.0538918747826318,0.00490631086956456,584.107973928883
101,0.0540256832608926,0.00133808478260827,584.113357213046
101.1,0.0536400000000231,-0.00385683260869565,584.118627010368
101.2,0.0517559464450352,-0.0188405355498788,584.12360591701
101.3,0.0478221863938841,-0.0393376005115104,584.128112894542
101.4,0.0423173642455467,-0.0550482214833746,584.132014768974
101.5,0.0357201243989996,-0.0659723984654702,584.135226230757
101.6,0.02850911125322,-0.0721101314577966,584.13770983478
101.7,0.0211629692071825,-0.0734614204603745,584.139476000373
101.8,0.0141603426598685,-0.0700262654731408,584.140583011307
101.9,0.0079798760102526,-0.0618046664961586,584.14113701579
102,0.00310021365731182,-0.0487966235294077,584.141292026473
102.1,2.30475361018279e-14,-0.0310021365728878,584.141806717562
102.2,0.0102938217707982,0.102938217707752,584.144470456704
102.3,0.0429809610673439,0.326871392965457,584.151350360024
102.4,0.0946171053365975,0.516361442692536,584.164169112392
102.5,0.161757942025497,0.671408366888998,584.184304967422
102.6,0.240959158580981,0.792012165554839,584.212791747474
102.7,0.328776442450013,0.878172838690322,584.25031884365
102.8,0.421765481079481,0.929890386294679,584.2972312158
102.9,0.516481961916347,0.947164808368652,584.353529392516
103,0.609481572407548,0.929996104912013,584.418869471136
103.1,0.697320000000023,0.878384275924752,584.493044472037
103.2,0.786180018021777,0.888600180217543,584.576597950919
103.3,0.88488955960996,0.987095415881827,584.670541031496
103.4,0.993972051925363,1.09082492315403,584.775937180199
103.5,1.11395092212876,1.19978870203394,584.893902206174
103.6,1.24534959738091,1.31398675252152,585.025604261285
103.7,1.38869150484263,1.43341907461722,585.172263840111
103.8,1.54450007167461,1.55808566831981,585.335153779947
103.9,1.71329872503766,1.68798653363046,585.515599260803
104,1.89561089209254,1.8231216705488,585.714977805408
104.1,2.09196000000002,1.96349107907484,585.935474738597
104.2,2.31797866378386,2.2601866378384,586.180584603246
104.3,2.58421862918926,2.66239965405398,586.453974635678
104.4,2.88358201945952,2.99363390270257,586.758602284543
104.5,3.20897095783788,3.25388938378362,587.096715210813
104.6,3.55328756756759,3.4431660972971,587.469851287786
104.7,3.909433971892,3.56146404324406,587.878838601084
104.8,4.27031229405414,3.60878322162143,588.323795448651
104.9,4.62882465729736,3.58512363243221,588.804130340759
105,4.97787318486491,3.49048527567547,589.318542000002
105.1,5.31036000000002,3.32486815135116,589.866032070002
105.2,5.6394414000001,3.29081400000076,590.446993500002
105.3,5.97978720000008,3.40345799999983,591.062311350002
105.4,6.32656980000006,3.46782599999982,591.712387920002
105.5,6.67496160000004,3.4839179999998,592.397142750002
105.6,7.02013500000002,3.45173399999981,593.116012620002
105.7,7.3572624000001,3.37127400000074,593.867951550003
105.8,7.68151620000008,3.2425379999998,594.651430800003
105.9,7.98806880000006,3.06552599999978,595.464438870003
106,8.27209260000004,2.84023799999981,596.304481500003
106.1,8.52876000000002,2.56667399999986,597.169255370621
106.2,8.76671741237577,2.37957412375744,598.057427661218
106.3,8.99672839955807,2.30010987182305,598.968121135527
106.4,9.21714108662988,2.2041268707181,599.900293369793
106.5,9.42630359867407,2.09162512044187,600.852736752765
106.6,9.6225640607735,1.96260462099433,601.824078485704
106.7,9.80427059801111,1.81706537237609,602.812780582378
106.8,9.96977133546966,1.65500737458552,603.817139869063
106.9,10.1174143982321,1.4764306276242,604.835287984544
107,10.2455479113812,1.2813351314916,605.865191380113
107.1,10.35252,1.0697208861878,606.905174755462
107.2,10.4471475069675,0.946275069674308,607.954480418605
107.3,10.5389657558964,0.918182489289805,609.012798736048
107.4,10.6274005929708,0.884348370743531,610.079762658915
107.5,10.7118778643743,0.844772714035123,611.154947722948
107.6,10.7918234162908,0.799455519164624,612.237872048508
107.7,10.866663094904,0.748396786132247,613.327996340573
107.8,10.9358227463977,0.691596514937374,614.424723888741
107.9,10.9987282169558,0.629054705580558,615.527400567227
108,11.0548053527619,0.560771358061693,616.635314834865
108.1,11.10348,0.486746472380737,617.74792859664
108.2,11.1487952355076,0.453152355075574,618.865099278816
108.3,11.1946184080024,0.458231724948163,619.98683578779
108.4,11.2401117714886,0.454933634862371,621.113063255363
108.5,11.2844375799704,0.443258084817984,622.243623038734
108.6,11.3267580874519,0.423205074815002,623.378272720504
108.7,11.3662355479373,0.394774604853574,624.516686108672
108.8,11.4020322154306,0.35796667493338,625.658453236641
108.9,11.4333103439361,0.31278128505474,626.80308036321
109,11.4592321874579,0.259218435217505,627.949989972583
109.1,11.47896,0.197278125421697,629.098628246819
109.2,11.4938054847199,0.148454847198678,630.248597594468
109.3,11.5055814682513,0.117759835314075,631.399586762371
109.4,11.5142018898133,0.0862042156196879,632.551275891293
109.5,11.5195806886248,0.0537879881154311,633.703336515919
109.6,11.5216318039049,0.0205111528013476,634.855431564858
109.7,11.5202691748727,-0.0136262903225842,636.007215360639
109.8,11.515406740747,-0.0486243412563638,637.158333619714
109.9,11.506958440747,-0.084483000000013,638.308423452456
110,11.4948382140917,-0.121202266553467,639.45711336316
110.1,11.47896,-0.158782140916792,640.603878688424
110.2,11.4563465052632,-0.226134947368478,641.747939428424
110.3,11.4248682947369,-0.314782105263156,642.888468397897
110.4,11.3857110947369,-0.391571999999982,644.024756984213
110.5,11.340060631579,-0.456504631578937,645.156215147371
110.6,11.289102631579,-0.509579999999957,646.282371420003
110.7,11.2340228210526,-0.550798105263298,647.402872907371
110.8,11.1760069263158,-0.580158947368382,648.517485287371
110.9,11.1162406736842,-0.597662526315744,649.626092810529
111,11.0559097894737,-0.603308842105236,650.728698300003
111.1,10.9962,-0.597097894736813,651.825221720432
111.2,10.934268408595,-0.619315914049735,652.915276600168
111.3,10.8668291861157,-0.674392224793373,653.998338242482
111.4,10.7944036601653,-0.724255259504083,655.073934083408
111.5,10.7175131583471,-0.768905018181762,656.141643691738
111.6,10.6366790082645,-0.80834150082643,657.201098769027
111.7,10.5524225375207,-0.842564707438214,658.251983149589
111.8,10.465265073719,-0.871574638016476,659.294032800499
111.9,10.3757279444628,-0.895371292561919,660.32703582159
112,10.2843324773554,-0.913954671074351,661.350832445457
112.1,10.1916,-0.927324773553665,662.365163205226
112.2,10.0950151953719,-0.965848046281195,663.369507349589
112.3,9.99186769190083,-1.03147503471074,664.363220045953
112.4,9.88238623537191,-1.09481456528918,665.3456793363
112.5,9.76679957157027,-1.15586663801647,666.316286137193
112.6,9.64533644628101,-1.21463125289251,667.274464239771
112.7,9.51822560528925,-1.27110840991765,668.219660309755
112.8,9.38569579438017,-1.32529810909084,669.151343887441
112.9,9.24797575933885,-1.37720035041316,670.069007387705
113,9.10529424595043,-1.42681513388423,670.972166100003
113.1,8.95788000000002,-1.47414245950404,671.859894355462
113.2,8.79668510917546,-1.61194890824564,672.730512970531
113.3,8.61568719221986,-1.80997916955596,673.582279994717
113.4,8.41965329150106,-1.96033900718806,674.413930181762
113.5,8.2133504493869,-2.06302842114154,675.224674989643
113.6,8.00154570824527,-2.11804741141638,676.014202580578
113.7,7.78900611044395,-2.12539597801318,676.782677821018
113.8,7.58049869835094,-2.08507412093011,677.530742281652
113.9,7.38079051433404,-1.997081840169,678.259514237407
114,7.19464860076111,-1.86141913572926,678.970588667445
114.1,7.02684000000002,-1.67808600761089,679.665339280102
114.2,6.86817225314478,-1.58667746855243,680.344220047737
114.3,6.70944309955358,-1.58729153591203,681.007462446664
114.4,6.5554048789903,-1.54038220563271,681.655773187175
114.5,6.4108099312189,-1.44594947771407,682.290334213536
114.6,6.28041059600329,-1.30399335215604,682.912802703991
114.7,6.16895921310739,-1.11451382895898,683.525311070761
114.8,6.0812081222952,-0.877510908121895,684.130466960043
114.9,6.02190966333062,-0.592984589645824,684.731353252008
115,5.99581617597758,-0.260934873530395,685.331528060807
115.1,6.00768000000002,0.118638240224378,685.935335900784
115.2,6.06847679954206,0.607967995420338,686.547798973242
115.3,6.18078464962793,1.12307850085876,687.173676181041
115.4,6.33675950634188,1.55974856713946,687.816942022646
115.5,6.52855732576811,1.91797819426237,688.480786592134
115.6,6.74833406399086,2.19776738222748,689.167615579189
115.7,6.98824567709441,2.39911613103548,689.879050269101
115.8,7.24044812116284,2.52202444068431,690.615927542774
115.9,7.49709735228044,2.56649231117599,691.378299876714
116,7.75034932653143,2.53251974250986,692.165435343041
116.1,7.99236000000002,2.42010673468595,692.976749440506
116.2,8.23392194929998,2.41561949299955,693.812889937171
116.3,8.48888798400871,2.54966034708727,694.675034556854
116.4,8.7540044096563,2.65116425647596,695.564035653926
116.5,9.02601753177279,2.7201312211649,696.480420213309
116.6,9.3016736558882,2.75656124115408,697.42438985048
116.7,9.57771908753263,2.76045431644432,698.395820811468
116.8,9.85090013223596,2.73181044703326,699.394263972856
116.9,10.1179630955283,2.6706296329232,700.41894484178
117,10.3756542829396,2.57691187411349,701.468763555927
117.1,10.62072,2.45065717060396,702.542840566855
117.2,10.8608202185747,2.40100218574678,703.641065387721
117.3,11.1036761987446,2.42855980169887,704.763555506577
117.4,11.3461261783636,2.4244997961905,705.910112235259
117.5,11.5850083952857,2.388822169221,707.080220709392
117.6,11.8171610873648,2.32152692079036,708.273049888383
117.7,12.0394224924547,2.22261405089916,709.487452555426
117.8,12.2486308484093,2.09208355954561,710.721965317501
117.9,12.4416243930824,1.92993544673152,711.974808605371
118,12.615241364328,1.73616971245626,713.243886673588
118.1,12.76632,1.51078635671995,714.527405871143
118.2,12.9040639511023,1.37743951102316,715.824538918454
118.3,13.0385969951142,1.34533044011905,717.134875646189
118.4,13.1681375596028,1.29540564488572,718.457827727776
118.5,13.2909040721351,1.22766512532269,719.792628679397
118.6,13.4051149602781,1.1421088814299,721.138333859991
118.7,13.5089886515989,1.03873691320778,722.493820471254
118.8,13.6007435736644,0.917549220655303,723.857787557639
118.9,13.6785981540417,0.77854580377354,725.228756006356
119,13.7407708202979,0.62172666256204,726.605068547371
119.1,13.78548,0.447091797020803,727.985329988155
119.2,13.8197488156821,0.342688156820713,729.368912576523
119.3,13.8519029516649,0.321541359828089,730.755613458016
119.4,13.8821146781955,0.302117265306122,732.145247005202
119.5,13.910556265521,0.28441587325456,733.537644817672
119.6,13.9373999838883,0.268437183673441,734.932655722044
119.7,13.9628181035446,0.254181196562875,736.330145771958
119.8,13.9869828947369,0.241647911922648,737.72999824808
119.9,14.0100666277122,0.23083732975293,739.132113658102
120,14.0322415727175,0.2217494500537,740.536409736737
120.1,14.05368,0.214384272824916,741.942846666465
120.2,14.0750585945491,0.213785945490506,743.351417867876
120.3,14.0963654336801,0.213068391310038,744.762073133367
120.4,14.1167398761291,0.203744424489798,746.174676191205
120.5,14.135321280632,0.185814045029594,747.589004705533
120.6,14.151249005925,0.159277252929556,749.004750276366
120.7,14.1636624107439,0.124134048189617,750.421518439595
120.8,14.1717008538249,0.0803844308097155,751.838828666981
120.9,14.1745036939039,0.0280284007900207,753.256114366162
121,14.1712102897169,-0.0329340418696802,754.672722880648
121.1,14.16096,-0.102502897169174,756.08674068932
121.2,14.1193961734479,-0.415638265521295,757.494121102305
121.3,14.0282120862376,-0.911840872102523,758.890312806033
121.4,13.8956219883287,-1.32590097908896,760.271585911933
121.5,13.7298401296807,-1.6578185864807,761.63503195643
121.6,13.5390807602529,-1.90759369427773,762.978563900943
121.7,13.3315581300048,-2.07522630248062,764.300916131888
121.8,13.1154864888961,-2.16071641108759,765.601644460677
121.9,12.899080086886,-2.16406402010036,766.881126123718
122,12.6905531739342,-2.08526912951844,768.140559782415
122.1,12.49812,-1.92433173934175,769.380577857746
122.2,12.3022415066188,-1.95878493381238,770.599863907497
122.3,12.0834794884135,-2.18762018205306,771.796547855667
122.4,11.8501994749749,-2.33280013438609,772.96959617921
122.5,11.6107669958938,-2.39432479081106,774.118811908043
122.6,11.373547580761,-2.37219415132793,775.244834625039
122.7,11.1469067591672,-2.26640821593732,776.349140466033
122.8,10.9392100607035,-2.07696698463732,777.434042119816
122.9,10.7588230149605,-1.80387045742985,778.50268882814
123,10.6141111515291,-1.44711863431433,779.559066385717
123.1,10.51344,-1.00671151529067,780.606741136519
123.2,10.4400550160497,-0.733849839503272,781.64735521081
123.3,10.372226469764,-0.678285462857105,782.681509389916
123.4,10.3108571123478,-0.613693574161445,783.709894730283
123.5,10.2568496950062,-0.540074173416102,784.733292563481
123.6,10.2111069689441,-0.457427260621096,785.752574496196
123.7,10.1745316853665,-0.365752835776447,786.768702410239
123.8,10.1480265954783,-0.265050898881967,787.782728462537
123.9,10.1324944504845,-0.155321449937866,788.79579508514
124,10.1288380015901,-0.0365644889440801,789.80913498522
124.1,10.13796,0.0912199840993679,790.823809366402
124.2,10.1555276236391,0.175676236390543,791.840389589545
124.3,10.1760768392191,0.20549215579981,792.859134110562
124.4,10.1988135811255,0.227367419064805,793.880221978805
124.5,10.2229437837441,0.24130202618538,794.903752837066
124.6,10.2476733814602,0.247295977161599,795.929746921572
124.7,10.2722083086596,0.245349271993505,796.958145061991
124.8,10.2957544997277,0.235461910680862,797.98880868143
124.9,10.3175178890501,0.217633893223948,799.021519796433
125,10.3367044110123,0.191865219622634,800.055981016984
125.1,10.35252,0.158155889876923,801.091928499434
125.2,10.3664296490095,0.139096490094367,802.129251493658
125.3,10.3800302354717,0.136005864622618,803.167889281453
125.4,10.3927255204246,0.126952849528308,804.20772152072
125.5,10.4039192649057,0.111937444811332,805.248568245462
125.6,10.4130152299529,0.0909596504716674,806.29018986579
125.7,10.4194171766038,0.0640194665094427,807.332287167915
125.8,10.4225288658963,0.0311168929245298,808.374501314154
125.9,10.421754058868,-0.00774807028302859,809.416413842925
126,10.4164965165566,-0.0525754231132111,810.457546668753
126.1,10.40616,-0.103365165566039,811.497187771613
126.2,10.3866620572059,-0.194979427941227,812.534301273532
126.3,10.3556079811765,-0.310540760294138,813.567828330113
126.4,10.3149331504412,-0.40674830735292,814.596903634811
126.5,10.2665729435294,-0.483602069117638,815.620855418936
126.6,10.2124627389706,-0.541102045588182,816.63920545165
126.7,10.1545379152941,-0.579248236764833,817.651669039966
126.8,10.0947338510294,-0.598040642647036,818.658155028753
126.9,10.0349859247059,-0.597479263235257,819.65876580073
127,9.97722951485297,-0.577564098529372,820.653797276473
127.1,9.92340000000003,-0.538295148529379,821.643564267877
127.2,9.87193982808186,-0.51460171918169,822.628161259568
127.3,9.82000000572892,-0.5193982235294,823.60754019733
127.4,9.76757874951409,-0.5242125621483,824.581652848606
127.5,9.71467427601026,-0.529044735038326,825.550450802496
127.6,9.66128480179031,-0.533894742199478,826.513885469757
127.7,9.60740854342713,-0.538762583631822,827.471908082803
127.8,9.55304371749363,-0.543648259335014,828.424469695706
127.9,9.49818854056269,-0.54855176930943,829.371521184194
128,9.44284122920719,-0.553473113554961,830.313013245655
128.1,9.38700000000003,-0.558412292071588,831.248845675321
128.2,9.32964859332102,-0.573514066790146,832.178838281964
128.3,9.27020353953749,-0.594450537835307,833.102814070951
128.4,9.20931224020354,-0.608912993339477,834.020660787805
128.5,9.14762209687329,-0.616901433302462,834.932330918203
128.6,9.08578051110086,-0.618415857724286,835.83784168798
128.7,9.02443488444035,-0.613456266605141,836.737275063125
128.8,8.9642326184459,-0.60202265994446,837.630777749781
128.9,8.90582111467162,-0.584115037742788,838.518561194248
129,8.84984777467163,-0.559733399999964,839.400901582981
129.1,8.79696000000003,-0.528877746715978,840.27798871105
129.2,8.74478256138012,-0.521774386199077,841.14979482535
129.3,8.69133972462337,-0.534428367567553,842.016255718277
129.4,8.63787813391607,-0.534615907072993,842.877431846645
129.5,8.58564443344454,-0.522337004715322,843.733508331687
129.6,8.53588526739509,-0.497591660494507,844.584794959055
129.7,8.48984727995402,-0.460379874410677,845.431726178818
129.8,8.44877711530767,-0.410701646463448,846.274861105465
129.9,8.41392141764235,-0.348556976653224,847.114883517905
130,8.38652683114437,-0.273945864979836,847.952601859462
130.1,8.36784000000003,-0.186868311443348,848.788769539816
130.2,8.3555136070762,-0.123263929238359,849.62385925386
130.3,8.34628067380839,-0.092329332678105,850.458173705162
130.4,8.34000835223591,-0.0627232157248123,851.292002312494
130.5,8.33656379439807,-0.0344455783783744,852.125621209831
130.6,8.33581415233419,-0.00749642063882305,852.959293246351
130.7,8.33762657808357,0.0181242574938629,853.79326798644
130.8,8.34186822368554,0.0424164560196516,854.627781709683
130.9,8.3484062411794,0.0653801749385749,855.463057410872
131,8.35710778260446,0.0870154142506223,856.299304800002
131.1,8.36784000000003,0.107322173955762,857.136726661996
131.2,8.38059723987464,0.127572398746114,857.975527895927
131.3,8.39542743874612,0.148301988714728,858.815913174548
131.4,8.41227813366775,0.168506949216294,859.658081924316
131.5,8.43109686169282,0.18818728025078,860.502228325394
131.6,8.45183115987464,0.207342981818165,861.348541311652
131.7,8.4744285652665,0.225974053918555,862.197204570661
131.8,8.49883661492167,0.244080496551707,863.048396543702
131.9,8.52500284589345,0.261662309717842,863.902290425758
132,8.55287479523514,0.27871949341693,864.75905416552
132.1,8.58240000000003,0.295252047648883,865.618943780485
132.2,8.61539229931038,0.329922993103534,866.48236730552
132.3,8.65307820137935,0.376859020689622,867.349747427934
132.4,8.69452424689659,0.414460455172417,868.221413489106
132.5,8.73879697655176,0.442727296551695,869.097601484485
132.6,8.78496293103451,0.461659544827561,869.978454063589
132.7,8.83208865103452,0.471257200000103,870.864020530003
132.8,8.87924067724142,0.471520262068936,871.754256841382
132.9,8.92548555034486,0.462448731034463,872.649025609451
133,8.96988981103452,0.444042606896538,873.548096100003
133.1,9.01152000000003,0.416301889655138,874.451235730203
133.2,9.05127260400004,0.397526040000088,875.358331370003
133.3,9.09064019200004,0.393675879999968,876.269342551003
133.4,9.12958342800004,0.38943235999999,877.184224871203
133.5,9.16806297600003,0.384795479999962,878.102929995003
133.6,9.20603950000003,0.37976523999999,879.025405653203
133.7,9.24347366400004,0.374341640000086,879.951595643003
133.8,9.28032613200004,0.368524679999971,880.881439828003
133.9,9.31655756800004,0.362314359999978,881.814874138203
134,9.35212863600004,0.355710679999976,882.751830570003
134.1,9.38700000000003,0.348713639999978,883.69211551706
134.2,9.4186989411429,0.31698941142864,884.635334759431
134.3,9.44568590628575,0.269869651428544,885.581085120146
134.4,9.46932130800003,0.236354017142844,886.529099463489
134.5,9.49096555885717,0.216442508571415,887.479246695003
134.6,9.5119790714286,0.210135125714267,888.431531761489
134.7,9.53372225828575,0.217431868571473,889.386095651003
134.8,9.55755553200003,0.238332737142854,890.34321539286
134.9,9.58483930514289,0.27283773142857,891.303304057632
135,9.61693399028575,0.320946851428555,892.266910757146
135.1,9.65520000000003,0.382660097142832,893.234880219909
135.2,9.70418925525978,0.489892552597538,894.208405192178
135.3,9.76631019012991,0.621209348701278,895.188706101026
135.4,9.83970798681822,0.733977966883103,896.176817891743
135.5,9.9225278275325,0.8281984071428,897.173590027844
135.6,10.0129148944805,0.903870669480476,898.179686491061
135.7,10.1090143698702,0.960994753896344,899.19558578135
135.8,10.2089714359091,0.999570660389551,900.221580916886
135.9,10.3109312748052,1.01959838896097,901.257779434064
136,10.4130390687663,1.02107793961035,902.304103387503
136.1,10.51344,1.0040093123376,903.360561955407
136.2,10.615731358091,1.02291358090932,904.427541635457
136.3,10.7238622429091,1.08130884818177,905.505560025208
136.4,10.836505552091,1.12643309181812,906.595002011976
136.5,10.9523341832728,1.15828631181812,907.696119772844
136.6,11.0700210340909,1.17686850818173,908.809032774658
136.7,11.1882390021819,1.18217968090936,909.933727774026
136.8,11.3056609851819,1.17421982999995,911.070058817321
136.9,11.4209598807273,1.15298895545447,912.21774724068
137,11.5328085864546,1.11848705727266,913.376381670003
137.1,11.63988,1.07071413545448,914.545611399798
137.2,11.7447145958919,1.04834595891916,915.725353719084
137.3,11.8501317898379,1.05417193945939,916.915621453138
137.4,11.9552228912433,1.050911014054,918.116336558176
137.5,12.0590792095135,1.03856318270264,919.327330121355
137.6,12.1607920540541,1.01712844540535,920.548342360771
137.7,12.2594527342703,0.986606802162385,921.779022625463
137.8,12.3541525595676,0.946998252972918,923.018929395409
137.9,12.4439828393514,0.898302797837779,924.267530281528
138,12.5280348830271,0.84052043675669,925.524202025679
138.1,12.6054,0.773651169729696,926.788395019475
138.2,12.6784598759142,0.730598759141678,928.059810055115
138.3,12.749840836884,0.713809609697862,929.33825215461
138.4,12.8190011530207,0.691603161367212,930.623472166982
138.5,12.8853990944356,0.663979414149409,931.915166768266
138.6,12.9484929312401,0.630938368044475,933.212978461505
138.7,13.0077409335454,0.592480023052602,934.516495576756
138.8,13.0626013714627,0.548604379173212,935.825252271084
138.9,13.1125325151034,0.499311436406992,937.138728528568
139,13.1569926345787,0.444601194753532,938.456350160297
139.1,13.19544,0.384473654213024,939.777658797974
139.2,13.2307327535294,0.352927535294207,941.102468550003
139.3,13.2654622870589,0.347295335294106,942.430676001621
139.4,13.2986867452941,0.3322445823529,943.762083552533
139.5,13.3294642729412,0.307775276470565,945.096399416915
139.6,13.3568530147059,0.273887417647061,946.433237623415
139.7,13.3799111152942,0.230581005882385,947.772118015151
139.8,13.3976967194118,0.177856041176454,949.112466249709
139.9,13.4092679717647,0.115712523529396,950.453613799151
140,13.4136830170589,0.0441504529411886,951.794797950003
140.1,13.41,-0.036830170588253,953.135150878062
140.2,13.3970585611765,-0.12941438823534,954.473763345886
140.3,13.3751907952941,-0.21867765882353,955.809807562062
140.4,13.3456935282353,-0.29497267058823,957.142585417768
140.5,13.3098635858824,-0.358299423529396,958.471528486768
140.6,13.2689977941177,-0.408657917647048,959.796198025415
140.7,13.2243929788235,-0.446048152941274,961.116284972651
140.8,13.1773459658824,-0.470470129411751,962.431609950003
140.9,13.1291535811765,-0.481923847058802,963.742123261592
141,13.0811126505883,-0.480409305882318,965.047904894121
141.1,13.03452,-0.465926505882323,966.348981594446
141.2,12.9870140065027,-0.475059934973395,967.64510464364
141.3,12.935446977369,-0.515670291336846,968.935873824196
141.4,12.879936633754,-0.555103436149722,970.220900690725
141.5,12.8206006968129,-0.593359369411744,971.49980856995
141.6,12.7575568877006,-0.630438091122954,972.772232560714
141.7,12.6909229275722,-0.666339601283568,974.037819533972
141.8,12.6208165375829,-0.701063899893007,975.296228132795
141.9,12.5473554388877,-0.734610986951828,976.547128772372
142,12.4706573526417,-0.76698086245986,977.790203640004
142.1,12.39084,-0.79817352641706,979.024887609607
142.2,12.3028393920642,-0.880006079358509,980.250147966324
142.3,12.2023677422888,-1.00471649775396,981.464801707207
142.4,12.0907070753583,-1.11660666930479,982.667794031772
142.5,11.9691394159572,-1.2156765940106,983.858198342009
142.6,11.8389467887701,-1.30192627187162,985.035216242371
142.7,11.7014112184813,-1.37535570288802,986.198177539784
142.8,11.5578147297754,-1.43596488705876,987.34654024364
142.9,11.4094393473369,-1.48375382438494,988.479890565799
143,11.2575670958503,-1.51872251486622,989.597942920592
143.1,11.10348,-1.5408709585026,990.700261923159
143.2,10.9429000513363,-1.60579948663757,991.785997553414
143.3,10.7718125537708,-1.71087497565449,992.854182906129
143.4,10.5918945005304,-1.79918053240385,993.904018775398
143.5,10.4048228848419,-1.87071615688531,994.934873654636
143.6,10.212274699932,-1.92548184909883,995.946283736584
143.7,10.0159269390275,-1.96347760904498,996.937952913304
143.8,9.81745659535531,-1.98470343672211,997.909752776178
143.9,9.61854066214213,-1.9891593321318,998.861722615916
144,9.42085613261477,-1.97684529527362,999.794069422547
144.1,9.22608000000003,-1.94776132614745,1000.70703749156
144.2,9.03328138036002,-1.9279861964001,1001.60071024534
144.3,8.84017369510157,-1.93107685258452,1002.47503894987
144.4,8.64640039546821,-1.93773299633351,1003.32993921627
144.5,8.45160493270357,-1.94795462764646,1004.16529100081
144.6,8.25543075805123,-1.96174174652342,1004.98093860485
144.7,8.05752132275473,-1.97909435296494,1005.77669067489
144.8,7.8575200780578,-2.00001244696933,1006.55232020256
144.9,7.65507047520397,-2.02449602853828,1007.30756452459
145,7.44981596543685,-2.05254509767124,1008.04212532286
145.1,7.24140000000003,-2.08415965436816,1008.75571500504
145.2,7.03039364350604,-2.11006356493994,1009.44808912949
145.3,6.81708884548183,-2.13304798024201,1010.11897909099
145.4,6.60071038454238,-2.16378460939456,1010.76803876218
145.5,6.38048303930268,-2.20227345239698,1011.39484449356
145.6,6.15563158837776,-2.24851450924926,1011.9988951135
145.7,5.92538081038254,-2.30250777995212,1012.57961192822
145.8,5.68895548393219,-2.36425326450352,1013.1363387218
145.9,5.44558038764165,-2.43375096290543,1013.66834175618
146,5.19448030012592,-2.51100087515725,1014.17480977119
146.1,4.93488000000003,-2.59600300125894,1014.6542339118
146.2,4.65360281226155,-2.81277187738483,1015.10407864413
146.3,4.34329183418052,-3.10310978081023,1015.52183831097
146.4,4.01190150278023,-3.3139033140029,1015.90580269887
146.5,3.66738625508403,-3.44515247696206,1016.25505703803
146.6,3.31770052811525,-3.49685726968774,1016.56948200238
146.7,2.97079875889717,-3.46901769218089,1016.84975370954
146.8,2.63463538445331,-3.36163374443857,1017.09734372086
146.9,2.31716484180693,-3.17470542646374,1017.31451904135
147,2.02634156798139,-2.90823273825544,1017.50434211975
147.1,1.77012000000003,-2.56221567981362,1017.66930704769
147.2,1.52917855879826,-2.40941441201772,1017.80994612052
147.3,1.28360289785406,-2.45575660944192,1017.92614918056
147.4,1.04045830300429,-2.4314459484977,1018.01851259872
147.5,0.806810060085854,-2.3364824291844,1018.08833927447
147.6,0.589723454935652,-2.17086605150202,1018.13763863588
147.7,0.396263773390546,-1.93459681545106,1018.16912663962
147.8,0.233496301287557,-1.62767472102989,1018.1862257709
147.9,0.108486324463536,-1.25009976824021,1018.19306504357
148,0.0282991287553904,-0.80187195708146,1018.19448
148.1,2.8796409701215e-14,-0.282991287553616,1018.19448
148.2,2.8796409701215e-14,0,1018.19448
148.3,2.8796409701215e-14,0,1018.19448
148.4,2.8796409701215e-14,0,1018.19448
148.5,2.8796409701215e-14,0,1018.19448
148.6,2.8796409701215e-14,0,1018.19448
148.7,2.8796409701215e-14,0,1018.19448
148.8,2.8796409701215e-14,0,1018.19448
148.9,2.8796409701215e-14,0,1018.19448
149,2.8796409701215e-14,0,1018.19448
149.1,2.8796409701215e-14,0,1018.19448
149.2,2.8796409701215e-14,0,1018.19448
149.3,2.8796409701215e-14,0,1018.19448
149.4,2.8796409701215e-14,0,1018.19448
149.5,2.8796409701215e-14,0,1018.19448
149.6,2.8796409701215e-14,0,1018.19448
149.7,2.8796409701215e-14,0,1018.19448
149.8,2.8796409701215e-14,0,1018.19448
149.9,2.8796409701215e-14,0,1018.19448
150,2.8796409701215e-14,0,1018.19448
