-93.4099122590,-45.9542204036,3.73399848041099,-2.69830971846253,-0.0671928194696018,0
-94.1766916530,-46.3267328321,3.67115767144587,-2.6961485950469,-0.0679052927115663,0.852476479641098
-94.9430182050,-46.7070233309,3.60455390944151,-2.69469025402845,-0.0692158810927853,1.70797472499692
-95.7086518130,-47.0920558062,3.53803769852432,-2.69364471853083,-0.07119209962777,2.56497229135573
-96.4774456801,-47.4771424024,3.47067074651498,-2.69222637566473,-0.0735610578206782,3.42481861287411
-97.2535957020,-47.8575158540,3.39505591383573,-2.69099289292957,-0.0757080781788122,4.28916392536212
-98.0305031304,-48.2349066069,3.31625557435083,-2.68982087166848,-0.0769987710496478,5.15288201167078
-98.8007860132,-48.6135723850,3.24500972529943,-2.68862773298935,-0.0771183666092872,6.01120799355692
-99.5670872488,-48.9938265998,3.17643918603564,-2.68801412749009,-0.0762865387654307,6.86666743238709
-100.3342652074,-49.3747893460,3.09988427981234,-2.68669853458907,-0.0750269135905372,7.7232271992192
-101.1107646857,-49.7569916388,3.02370169076178,-2.68539448430664,-0.0737003127042244,8.58869241076127
-101.8887748899,-50.1460372303,2.95427599357735,-2.68462666153509,-0.0722690488419131,9.45855237082833
-102.6623647520,-50.5349751748,2.88953242175289,-2.68410035669001,-0.0704463019333663,10.3244126363434
-103.4277218645,-50.9248087791,2.82740137274618,-2.68398859688413,-0.0681970284082024,11.1833315781774
-104.1930299544,-51.3153202936,2.76506293302654,-2.68386592129971,-0.0659111645084284,12.0425147457771
-104.9645000957,-51.7101042734,2.69900680633766,-2.68374753638349,-0.0640735036083299,12.9091291753588
-105.7378260749,-52.1056785782,2.63791451899249,-2.68368753082321,-0.06294099537718,13.7777557353687
-106.5087536793,-52.5038790937,2.58309851101613,-2.68358727946755,-0.0625126513945563,14.6454498184836
-107.2791342655,-52.8989774924,2.52748350257531,-2.6836604925578,-0.0627229585781736,15.5112378942948
-108.0471297692,-53.2967854720,2.46741435964672,-2.68343404667664,-0.0635876613662014,16.3761473012701
-108.8189508554,-53.6953468638,2.40350637426818,-2.68323335963715,-0.0650763941399496,17.2448008410468
-109.5940144525,-54.0926029106,2.33810363373007,-2.68300563807787,-0.0669771526894668,18.1157405325282
-110.3682703428,-54.4886385809,2.27582229493503,-2.68247615206292,-0.068981692776074,18.9854050862198
-111.1408303425,-54.8829578732,2.21208802371255,-2.68209185032836,-0.0707704790534062,19.8527785106349
-111.9137417632,-55.2752041107,2.14316558156382,-2.68162145634659,-0.0722094118324821,20.719524825934
-112.6868731227,-55.6697192087,2.07218111472666,-2.6808131387834,-0.0732705412863618,21.5874961742434
-113.4619354900,-56.0660782782,2.00235700641515,-2.68046697176549,-0.0738814899407569,22.4580260044012
-114.2351921544,-56.4597556500,1.93485868414388,-2.67998517810387,-0.0739454149052356,23.3257285698798
-115.0084997758,-56.8533434752,1.8661434625533,-2.67937734671889,-0.0734714273016036,24.1934359246389
-115.7806411855,-57.2505456727,1.79624005675015,-2.67923046275961,-0.0725991260993227,25.0617515021768
-116.5516515562,-57.6487363122,1.72933220780482,-2.67905071002161,-0.0716203070149064,25.9295145903725
-117.3233477474,-58.0474694360,1.6659864223233,-2.67906768455112,-0.0709140383760113,26.7981359782952
-118.1001368722,-58.4410084504,1.59773825063897,-2.67872580680455,-0.0707488996858526,27.6689254477749
-118.8763735429,-58.8380307348,1.52893242358954,-2.6781211996031,-0.0712507934547202,28.5408027689941
-119.6529602457,-59.2378140866,1.46068018415313,-2.677624757863,-0.0722951240082819,29.4142520436444
-120.4327639040,-59.6353078040,1.39017137734571,-2.67664260081201,-0.0735747746715846,30.2895205743671
-121.2081302064,-60.0349685950,1.31876430813919,-2.67493407137497,-0.0748063612046326,31.1618288058889
-121.9788398747,-60.4382619677,1.24695220872118,-2.67352522110001,-0.0758585335722224,32.0316787568426
-122.7443363563,-60.8430438114,1.17521898155145,-2.67198863292945,-0.0768630284171456,32.8976078557499
-123.5064561479,-61.2422702216,1.10314563741179,-2.67068183514063,-0.0780259187840363,33.7579614478443
-124.2669407285,-61.6406128185,1.03062199677746,-2.66958307378376,-0.0793367250548815,34.6164564227232
-125.0246348607,-62.0407220115,0.956072925992927,-2.66883783066546,-0.080564989139356,35.4733039962486
-125.7816697686,-62.4397434278,0.87803426361711,-2.66835983133187,-0.0812953671767505,36.3290609374654
-126.5298037595,-62.8350170730,0.804821587760159,-2.66744972860456,-0.0813408411510614,37.1751966966116
-127.2654398119,-63.2228611489,0.741746311093522,-2.66664000534399,-0.0809282450707263,38.006811648848
-128.0035149628,-63.6048166372,0.672454946403136,-2.66615750708657,-0.0805262648647388,38.8378621427437
-128.7440729568,-63.9894118584,0.59273582172851,-2.66554661683627,-0.0803584291142527,39.6723318106174
-129.4860171974,-64.3788310869,0.514042402508849,-2.66571555663406,-0.0799921302166248,40.5102629484726
-130.2170810701,-64.7649250044,0.451364783691162,-2.66602422023426,-0.0785918403769852,41.3370173854731
-130.9344576226,-65.1355702235,0.388759519570797,-2.66556359878172,-0.0757535306434659,42.1444868873715
-131.6491146088,-65.5007454039,0.325124587273706,-2.66566737463337,-0.0719473893010228,42.9470375214738
-132.3614510460,-65.8761258965,0.262344892705855,-2.66597760697138,-0.0680769178002895,43.75222924643
-133.0684428481,-66.2542197692,0.205085687257778,-2.66665208736722,-0.0649003518892791,44.5539725873812
-133.7699342522,-66.6266243774,0.15372596406641,-2.66694178068543,-0.0626752421506584,45.3481862754684
-134.4685692436,-66.9951547632,0.0997814947568685,-2.6665288361475,-0.0613617766210042,46.1380631623579
-135.1613735200,-67.3664601920,0.0456984056172018,-2.66661565005318,-0.0607491765165657,46.9240946418862
-135.8498074776,-67.7383771081,-0.00587608061468359,-2.66697379600663,-0.0605468743613822,47.706567329281
-136.5301425276,-68.1069752243,-0.0536509957983355,-2.66704292480988,-0.0605058630192631,48.4803375480512
-137.2039465707,-68.4706652245,-0.106032074455882,-2.66654076314738,-0.0605783909985298,49.2460282851145
-137.8720085524,-68.8320243735,-0.160692663940466,-2.66613996729315,-0.0609648921650669,50.0055592231832
-138.5377651696,-69.1916154062,-0.21261311475466,-2.66571742606544,-0.0619211892775841,50.7622213566287
-139.1987220523,-69.5500334085,-0.263010403747501,-2.66546256003801,-0.0635397646841421,51.5141039705658
-139.8537945512,-69.9036928544,-0.314207480957847,-2.66509630869616,-0.0656872147805276,52.2585467034115
-140.5038759712,-70.2528107627,-0.367836902526903,-2.66458929028368,-0.0680988570084802,52.9964417952506
-141.1484008466,-70.5957029060,-0.421608838343801,-2.66425926402671,-0.0704304435048192,53.7265016126303
-141.7834517564,-70.9306119584,-0.474868162675548,-2.66397612866406,-0.072404602129588,54.4444526774008
-142.4082434862,-71.2601793688,-0.526877925977374,-2.66357460581193,-0.0739355720695198,55.1508374051214
-143.0244347909,-71.5877761425,-0.580532797751815,-2.66326769708024,-0.0750857710712392,55.8486994045098
-143.6329479294,-71.9082593426,-0.636887460384415,-2.66293540449467,-0.0759376696612049,56.5364477024157
-144.2320034678,-72.2227731295,-0.692024204199001,-2.66204935729584,-0.0764899079753298,57.2130468897559
-144.8228817828,-72.5322556116,-0.742596314184738,-2.66124203468204,-0.0767109916949353,57.8800675714075
-145.4030911021,-72.8381783878,-0.792824735258236,-2.66107957444241,-0.0765839165173969,58.5359879928498
-145.9710424157,-73.1401686499,-0.845722485266606,-2.66096537536958,-0.0761753011736715,59.1792350783256
-146.5301013634,-73.4366271420,-0.89799719028268,-2.66040121689407,-0.0756231103815449,59.8120340546943
-147.0824760541,-73.7285381440,-0.947758673235072,-2.66028161748238,-0.0750929769154977,60.4367978757151
-147.6253733164,-74.0155384075,-0.996151578024595,-2.66026496516129,-0.0746962730336577,61.0508879250303
-148.1575125250,-74.2992230672,-1.04480211308962,-2.65994081750693,-0.0744459603566708,61.6539211940316
-148.6794683759,-74.5790909731,-1.09264201593055,-2.65958645540264,-0.0743523398631138,62.2461744802852
-149.1939693832,-74.8551377000,-1.13855274877785,-2.65945895800552,-0.0743853797277917,62.8300521060637
-149.7013330052,-75.1240090870,-1.18532490636623,-2.65922588976584,-0.0744639113559755,63.4042556132643
-150.1971055897,-75.3867908722,-1.2293780321765,-2.65883027097253,-0.0744705488431294,63.9653658717077
-150.6836105380,-75.6459135047,-1.27298434878709,-2.65869302089364,-0.0743788914675091,64.5165750909937
-151.1589552355,-75.9041630343,-1.3136789752421,-2.6588290842998,-0.0742160568081788,65.057542188914
-151.6240003152,-76.1591380670,-1.3538389093823,-2.65862396002623,-0.074043840637986,65.5878997978682
-152.0812280766,-76.4040209650,-1.39527826466026,-2.65822218608873,-0.0739360090480638,66.1065758620632
-152.5320241925,-76.6437258058,-1.43663144838803,-2.65810908350984,-0.0739751851782599,66.6171398137824
-152.9747526895,-76.8802667778,-1.47424616208974,-2.65815128742441,-0.0742067148601744,67.1190961400684
-153.4099941278,-77.1131661597,-1.5120352740847,-2.6581568880065,-0.0745578789787882,67.6127328806415
-153.8390182048,-77.3432758367,-1.54973493845361,-2.65830448952344,-0.0749553741900379,68.0995717884933
-154.2630562081,-77.5723013293,-1.58907394399651,-2.65839225661534,-0.0753102877405929,68.5815063322643
-154.6843711810,-77.7986694048,-1.62761257428369,-2.65813179090895,-0.0755633552630538,69.059783252
-155.1008489459,-78.0211377528,-1.66498102723529,-2.65825837409087,-0.0756976919286393,69.5319547192757
-155.5166113435,-78.2442637297,-1.7004983574671,-2.65859639269621,-0.075712676446028,70.0038059382494
-155.9315130168,-78.4650031559,-1.73630195692346,-2.65848283006152,-0.0756213725073016,70.4737732698222
-156.3435927898,-78.6841425589,-1.77347293755196,-2.65837002967897,-0.0754087962049007,70.9404978324053
-156.7527829919,-78.8999825215,-1.81029866793527,-2.65853756594723,-0.0750687410908183,71.4031245836655
-157.1577984420,-79.1150961852,-1.84630635577625,-2.65899996804158,-0.0746593084950101,71.8617217959135
-157.5624210224,-79.3307606769,-1.88058894531088,-2.65922792912214,-0.0742320589786451,72.320230907607
-157.9653030805,-79.5462431520,-1.91414388372986,-2.65946070422875,-0.0737109943115565,72.7771189134394
-158.3643758579,-79.7582941044,-1.94838714040139,-2.66019984986379,-0.072904128286165,73.2290311704338
-158.7572284675,-79.9689209673,-1.98291745960069,-2.66132354813767,-0.0716534113212368,73.6747854169944
-159.1476874647,-80.1723745740,-2.01617594322722,-2.66329927458613,-0.0698999725795467,74.1150712315706
-159.5335054632,-80.3718251188,-2.04674739615163,-2.66598201266011,-0.0677065440890954,74.5493937474544
-159.9159034437,-80.5624793285,-2.07333750743044,-2.66951673308435,-0.0651862300894989,74.9766843314449
-160.2937754196,-80.7501278240,-2.1013250606922,-2.67471006825324,-0.0625441556044877,75.3985838314223
-160.6674252958,-80.9309694053,-2.13156564755411,-2.68122276306861,-0.0600419145893634,75.8136957530031
-161.0384591296,-81.1041452460,-2.16421905548691,-2.68897109795197,-0.0579381086963053,76.2231539043269
-161.4035867780,-81.2750926924,-2.19262823659956,-2.69764881636042,-0.0564204480349734,76.6263179268175
-161.7705032486,-81.4363044573,-2.21972921197289,-2.70772472294694,-0.0555078597760832,77.0270883468402
-162.1372307892,-81.5875945461,-2.24625581482846,-2.71994828344577,-0.055019477992031,77.4237970308608
-162.5015282877,-81.7266296865,-2.26915412073309,-2.73350969926068,-0.0546636432912409,77.8137245083587
-162.8610565534,-81.8594906733,-2.29204389725609,-2.7491543535437,-0.054245926439151,78.1970163235587
-163.2196949007,-81.9845327052,-2.31328549560635,-2.76764439919521,-0.0537304219057727,78.5768280847113
-163.5847239901,-82.0958421826,-2.33643004829318,-2.78805105256159,-0.053165141804754,78.9584509821798
-163.9546574098,-82.1942170879,-2.36216444444742,-2.80997277143582,-0.052523274437769,79.3412412080271
-164.3270179450,-82.2831385206,-2.38371035787178,-2.83391388616859,-0.0516586313844515,79.724071966202
-164.6988881544,-82.3639457965,-2.40507020894067,-2.85894342134902,-0.050439439095039,80.1046206075711
-165.0716888407,-82.4321025887,-2.42602872395348,-2.88510913820825,-0.0488564964052476,80.4836004223723
-165.4467052491,-82.4873558576,-2.44600474320885,-2.91345920486186,-0.047006907802035,80.8626653644478
-165.8228726695,-82.5298767455,-2.46354671552236,-2.94357327666334,-0.045026525454317,81.2412283764438
-166.2005350580,-82.5570692358,-2.48138128885317,-2.97580836808012,-0.0429848660557251,81.6198684577884
-166.5781150603,-82.5674488969,-2.5009458384978,-3.00984775334076,-0.0408991418813235,81.997591101461
-166.9540946785,-82.5582985435,-2.52102919083866,-3.0452837492866,-0.0387971514107201,82.3736820509043
-167.3295517153,-82.5342303608,-2.54011217859563,-3.08223644079272,-0.0367631293583599,82.749909726526
-167.7033743494,-82.4965034699,-2.55707637805588,-3.12002795181828,-0.0348553347202669,83.1256312724388
-168.0751617511,-82.4458656388,-2.57111773196976,3.12489258333127,-0.0330807990272317,83.5008512905065
-168.4431778330,-82.3791770667,-2.58256921273356,3.08588284978156,-0.0313923957015915,83.8748609190314
-168.8086115451,-82.2993508119,-2.59471531534473,3.0455422833267,-0.0296918679025956,84.248911756304
-169.1680841252,-82.2012192933,-2.61078948733157,3.0060084585517,-0.0279442427070804,84.6215380178803
-169.5236438059,-82.0896548121,-2.62474732035091,2.96608136933951,-0.0261361252842513,84.9941897587698
-169.8768824789,-81.9595870214,-2.63428551419612,2.9252397294526,-0.024270941587058,85.3706139746279
-170.2265974860,-81.8186054206,-2.64262951948777,2.88481019356694,-0.0223009995758109,85.7476768314337
-170.5703010216,-81.6611655953,-2.65420973981547,2.8441435696071,-0.0201131061539335,86.1257236789854
-170.9084585960,-81.4960506751,-2.66350365573305,2.80333512136883,-0.0176307515268302,86.5020393470489
-171.2424036378,-81.3166025225,-2.66997544437095,2.76238505269686,-0.0149004919657496,86.8811447814733
-171.5744567374,-81.1260240512,-2.67872629406385,2.72132647891849,-0.0119819230870274,87.2640016929282
-171.8971040891,-80.9136089073,-2.6859266691135,2.68006037670717,-0.00895280117788472,87.650293689904
-172.2110737054,-80.6824456707,-2.69065481281102,2.6388013292044,-0.00592382639901998,88.0401825995675
-172.5183096150,-80.4326160513,-2.69407479439978,2.59673337581775,-0.00299849047830111,88.4361734365235
-172.8186337225,-80.1716127131,-2.69763689131648,2.55514941308221,-0.000315131827004287,88.8340645171421
-173.1151334851,-79.8995952594,-2.70194437264877,2.51353648095392,0.00196744057776533,89.2364394721246
-173.4113850835,-79.6162196173,-2.70729446403936,2.47097500030841,0.003790753529772,89.64639893843
-173.6968848153,-79.3127143116,-2.70859480789755,2.42887000712467,0.0052765861441333,90.0630829523825
-173.9687388582,-78.9914550156,-2.70754834082815,2.38786732849493,0.00669396774185609,90.4839299031399
-174.2289712209,-78.6543957561,-2.70412969479516,2.3479984373666,0.00832896383597443,90.9097583039586
-174.4822374033,-78.3082938129,-2.70145744704722,2.30955483435409,0.010306921705564,91.3386292801324
-174.7279711199,-77.9516558902,-2.69932616185434,2.2724326761085,0.0125602266198884,91.7717293464048
-174.9664966163,-77.5823984451,-2.69751435075335,2.23682675760422,0.0148539047374157,92.2113262904898
-175.1987695471,-77.2011204690,-2.69392327402943,2.20345602358426,0.0169060876173039,92.6577830178704
-175.4252760555,-76.8079132511,-2.69070388952501,2.17290245042715,0.0185229485743323,93.1115639281583
-175.6464517956,-76.4043943303,-2.68872470891259,2.14497307081272,0.0196407558631117,93.5717228435668
-175.8680888171,-75.9933326614,-2.68593796707688,2.11945221917361,0.0203091444036684,94.0387289088217
-176.0892636851,-75.5747407557,-2.68016277341235,2.09666291426112,0.0207030835628939,94.5121605361511
-176.3072337249,-75.1477971971,-2.67264313750984,2.07653609231616,0.0210482614436542,94.991526513696
-176.5204333032,-74.7115668838,-2.66453698816538,2.05831959414882,0.0215481216620807,95.4770684238375
-176.7305233891,-74.2663391647,-2.65806747644761,2.04136702844459,0.0223165837029613,95.96937479793
-176.9386588364,-73.8140481834,-2.65256658716844,2.02573002445875,0.0233357475859815,96.467257812561
-177.1443601923,-73.3526276003,-2.64539996927675,2.01137949801533,0.0245021398845849,96.9724528266658
-177.3493108693,-72.8827155299,-2.63601292227682,1.99832704922098,0.0256566465340803,97.4851146391312
-177.5525852987,-72.4042815771,-2.62632077548277,1.98600188504044,0.026656094019578,98.0049410917068
-177.7532173980,-71.9167628351,-2.61729861448178,1.97363287133452,0.0273747742392077,98.5321296377669
-177.9503929532,-71.4201546481,-2.6089346966456,1.95964968037466,0.0277764993722294,99.0664496644376
-178.1452832757,-70.9127720417,-2.60082675589142,1.95113082582634,0.027908709581488,99.6099745922436
-178.3374812125,-70.3962164737,-2.59132458682917,1.94098116924375,0.0279631881320939,100.161127657878
-178.5284516525,-69.8713113623,-2.58113957278809,1.93126633845117,0.0281860566583697,100.719692859896
-178.7177368569,-69.3423612796,-2.56927070895264,1.92234538337692,0.0287532641051263,101.281490936195
-178.9032900607,-68.8064604779,-2.55700507563603,1.91386583679736,0.0296249641278504,101.848606145641
-179.0861846287,-68.2634943258,-2.54506354960107,1.90542796161911,0.0305245647676193,102.421548258973
-179.2676179325,-67.7113893862,-2.53367692996409,1.89706604908093,0.0310957385001226,103.002700483498
-179.4482031234,-67.1509320769,-2.52383345055401,1.88876901608118,0.0310943314031986,103.591532723436
-179.6278519368,-66.5819176184,-2.51300900591195,1.88051785729683,0.0304955381748954,104.188232941414
-179.8048243465,-66.0036412201,-2.50210834648826,1.87220598645994,0.0295002930616935,104.792983159747
-179.9759165792,-65.4182981280,-2.4903601869505,1.8639653449014,0.0284466902790534,105.402818455214
-180.1450927391,-64.8281521361,-2.47800822774276,1.85616287680815,0.0276785355035374,106.016734463137
-180.3104735306,-64.2312323072,-2.46744033853467,1.8489254979011,0.0273764049251314,106.63614070173
-180.4727459886,-63.6274298915,-2.45859689630139,1.8417928988247,0.0275355548223473,107.261368426538
-180.6338231966,-63.0166375941,-2.44952335805624,1.83458023342221,0.0280370222487712,107.893043261709
-180.7947025547,-62.4011320548,-2.43725742199129,1.82743492060627,0.0287029662533137,108.529226597555
-180.9537622672,-61.7776707267,-2.42458086660019,1.82018545875778,0.0293128250387887,109.172658038969
-181.1092109409,-61.1461850592,-2.41306452846047,1.81321474458418,0.0296839097605275,109.822995211817
-181.2613461332,-60.5080349382,-2.40188727273738,1.80649223133279,0.0297042214722384,110.479029276202
-181.4109333707,-59.8633294396,-2.38982337001185,1.80005098545422,0.0293262715405331,111.140861219769
-181.5588616839,-59.2091669007,-2.37683433062733,1.79357534450807,0.0285936068204544,111.811541034004
-181.7062633912,-58.5489535450,-2.36631735710742,1.78711932426684,0.0276770797229712,112.488009021644
-181.8524487092,-57.8840769911,-2.35728065496268,1.78131296027541,0.0268101932167111,113.168766672438
-181.9945061611,-57.2128929076,-2.34744365572917,1.77540188428117,0.0261783067013134,113.854819435428
-182.1320345141,-56.5351144636,-2.33669556125461,1.7696483060534,0.0258799909051214,114.546410114287
-182.2680031111,-55.8543117834,-2.32681242899277,1.76464870778028,0.0258631733779976,115.240657727736
-182.4020093717,-55.1692751005,-2.31691313299208,1.75977607526271,0.0259288430009266,115.938678454281
-182.5318406257,-54.4777174948,-2.30691108231703,1.75506806427857,0.0258331178113375,116.642317620699
-182.6611548382,-53.7811868099,-2.2966670683671,1.75096152232398,0.0254037155204313,117.350750511385
-182.7903351071,-53.0792294113,-2.28820266533754,1.7469751543939,0.0246179478243144,118.064495375745
-182.9173408501,-52.3728120937,-2.27863711428718,1.74265778499027,0.0235976037179455,118.782238982722
-183.0422732909,-51.6641362634,-2.26695346300134,1.73826594038012,0.0225042301946514,119.501842725816
-183.1636353220,-50.9524493443,-2.25684274584091,1.73351179930082,0.0214291209088536,120.223803260406
-183.2809199285,-50.2362424418,-2.24918144129147,1.72796237205247,0.0204073948387509,120.949549776802
-183.3933061745,-49.5157721722,-2.24312384325594,1.72194144603914,0.0194816531500127,121.678732934633
-183.5005001261,-48.7921346682,-2.23655926881104,1.71611055407896,0.0187385053309893,122.41026678927
-183.6025546295,-48.0657274961,-2.22959303498583,1.71021216846347,0.018293255405288,123.143807859224
-183.7034220813,-47.3391782170,-2.22127407166099,1.70420531760389,0.0181786642522798,123.877325478568
-183.8009500594,-46.6117431748,-2.21327203891423,1.69836527651418,0.0183059254967549,124.611269241483
-183.8908733288,-45.8807308170,-2.20751612064002,1.69282786631281,0.018503128795213,125.347791652228
-183.9763432111,-45.1479385287,-2.20270694904292,1.68744796030835,0.0185998412423331,126.085551530969
-184.0656361830,-44.4136953802,-2.1963909302461,1.68225798406617,0.0185167364308211,126.825204311583
-184.1505140910,-43.6781452024,-2.18807938293985,1.67690096343428,0.0182489978321072,127.565635485564
-184.2291240034,-42.9416372868,-2.18145590642533,1.67164605770142,0.0178286864072325,128.30632666817
-184.3008524312,-42.2031242018,-2.17737920506637,1.66675424792547,0.0173071780979778,129.048314905329
-184.3715468470,-41.4641616761,-2.17297453643593,1.66126307885942,0.0167494462141244,129.790651294578
-184.4405832761,-40.7243901832,-2.16720683896449,1.65574989017099,0.0162457124953517,130.533637088738
-184.5064680000,-39.9851683480,-2.16176025443728,1.65056543007029,0.015893830096451,131.275789174566
-184.5636015538,-39.2470766439,-2.15790688061767,1.6452479320981,0.0157476557625092,132.016088848034
-184.6148338522,-38.5093484707,-2.15446532027779,1.63913287877096,0.0157881200677468,132.755593821586
-184.6630428845,-37.7710821708,-2.14994586078842,1.63274530836975,0.0159479346891241,133.495432479973
-184.7061342417,-37.0327770489,-2.14486450187697,1.62632781508743,0.0161612876619301,134.234994051543
-184.7450308886,-36.2955872094,-2.14048574721907,1.61967981141243,0.0164248962760901,134.973209337582
-184.7797031827,-35.5593275122,-2.13622318222339,1.61312813200689,0.0167730536248532,135.710284984732
-184.8081708225,-34.8232170121,-2.13071863582663,1.60646153542064,0.0172399849839159,136.44694574445
-184.8286773726,-34.0871054657,-2.12586208531636,1.59971990620797,0.0178840693078011,137.183342870597
-184.8472238309,-33.3531189126,-2.11959661270301,1.59292869983211,0.0187036974941102,137.917563703336
-184.8628521951,-32.6204049493,-2.11254586784059,1.58589554486662,0.019615075115522,138.65044431962
-184.8703809340,-31.8863351245,-2.10494205588435,1.57824681803794,0.0205114051699128,139.38455275141
-184.8697991745,-31.1528043023,-2.09746754843981,1.57092687964815,0.0213113322638357,140.118083804318
-184.8647798942,-30.4193020971,-2.09087200830947,1.56354657790047,0.0219944994827542,140.851603182517
-184.8555256313,-29.6861351608,-2.08158461701204,1.55506566125162,0.0225449886537271,141.584828521596
-184.8430479531,-28.9545895700,-2.07092917168222,1.54681721079163,0.0229191038513788,142.316480518042
-184.8202786771,-28.2231986482,-2.06156564797327,1.53921080826266,0.023046653774545,143.048225774524
-184.7913951462,-27.4908992873,-2.05435072448991,1.53113466321376,0.0228748395126548,143.781094529742
-184.7590792776,-26.7566010182,-2.04873736628302,1.52286226551851,0.0224219250757361,144.516103552317
-184.7241936874,-26.0226268181,-2.04012244851654,1.51475880900521,0.0217962693853805,145.25090633596
-184.6811901247,-25.2904579231,-2.03030972782977,1.50653006133899,0.0211005603854177,145.984337039789
-184.6341811380,-24.5585244790,-2.02268850347176,1.49857987107817,0.0203312439911687,146.717778524393
-184.5772960633,-23.8255979193,-2.01816537980388,1.49046387407946,0.0194666415237198,147.452909297585
-184.5134219491,-23.0917256315,-2.01299911900453,1.48218578712975,0.0185645483737868,148.189556049537
-184.4449226668,-22.3580780274,-2.00618030811856,1.47410273659912,0.0177944222067589,148.926394538399
-184.3709793023,-21.6242550636,-1.99948995982827,1.46633494678574,0.0173751705887735,149.663933529483
-184.2909338228,-20.8921973733,-1.9935169045267,1.45888128494341,0.0174526622737173,150.400354428666
-184.2050588116,-20.1615123268,-1.98815091747741,1.45150143577576,0.0179927897839948,151.136068472831
-184.1134412633,-19.4306083990,-1.98181155436605,1.44419351370565,0.0187704909125426,151.872692072009
-184.0156418906,-18.6990326460,-1.97398057097686,1.43707859633967,0.0194818162658994,152.610775942324
-183.9124052362,-17.9669192406,-1.96624098728775,1.42988285732099,0.01990520520157,153.350132314551
-183.8042880837,-17.2331311042,-1.95883691729024,1.4231016184003,0.0200205893531004,154.091842735009
-183.6910862769,-16.4974470327,-1.95177129352678,1.41643085696471,0.0199800603110936,154.836185197927
-183.5730169051,-15.7615196390,-1.94498521237701,1.40948071834158,0.0200543713183172,155.581523715241
-183.4518902964,-15.0276747217,-1.93601440477669,1.40298175348485,0.0204395540504916,156.325297886562
-183.3263832233,-14.2960248302,-1.92507502730369,1.3968675235978,0.0210771127932654,157.067634460626
-183.1914902893,-13.5631740540,-1.9165380906032,1.39000934967922,0.0217464614825477,157.812796432087
-183.0520348021,-12.8293780387,-1.9101024465312,1.38351711828536,0.0222190027901014,158.559726432199
-182.9099361637,-12.0945653111,-1.90169562232151,1.3766662665619,0.0223776202218115,159.308152626022
-182.7638764172,-11.3576694884,-1.88986158281621,1.36878974104736,0.0222858389720214,160.05938421691
-182.6103708159,-10.6225726880,-1.87900077905574,1.36192405290345,0.0221105273168412,160.810337794445
-182.4491298008,-9.8895003939,-1.87114806656885,1.35516320538856,0.0219825108499192,161.560933326907
-182.2839768651,-9.1551497150,-1.86313947697643,1.34783689216667,0.0219411611823518,162.313626100722
-182.1165725332,-8.4212040037,-1.85316267258996,1.34095199571032,0.0219415139825487,163.066421237159
-181.9443371655,-7.6882902985,-1.84220011260122,1.33469939885221,0.0219195336476745,163.8193007236
-181.7649980070,-6.9552411006,-1.83311353156327,1.32813764559948,0.0218178470396059,164.57396863757
-181.5798580784,-6.2214155603,-1.82505452193807,1.32172524530767,0.021611201765601,165.330788772602
-181.3906864070,-5.4874508636,-1.81617321676359,1.31525710359953,0.0213684891457802,166.088740022469
-181.2002261748,-4.7543498172,-1.80510204125217,1.30839349357156,0.021133611866058,166.84617797001
-181.0056528615,-4.0209933693,-1.79513606299838,1.30211232004297,0.0209069174195627,167.604907469812
-180.7990536659,-3.2885703165,-1.7884390979427,1.29579606730766,0.0206967504631076,168.365911251531
-180.5852360334,-2.5590378782,-1.78137125786932,1.2891561458325,0.0204562609720147,169.126131981682
-180.3695790151,-1.8267741742,-1.77136080865478,1.28245018589939,0.0201723724286756,169.88949171452
-180.1511331062,-1.0943405819,-1.7617930288875,1.27566405943575,0.0198869918005792,170.653806821183
-179.9273796905,-0.3654335230,-1.75480800522409,1.26907992899976,0.0196186842769413,171.416283766171
-179.6968843304,0.3656436304,-1.74793124444657,1.26300577283258,0.0194336077321525,172.182835731247
-179.4599717712,1.0961720720,-1.7411183875878,1.25634069926192,0.0194299322060914,172.95081969248
-179.2198359633,1.8241687687,-1.73335191782675,1.24942780962539,0.0196769061053308,173.717399366532
-178.9736907389,2.5521467760,-1.72415235743466,1.24224966968966,0.0201993338290348,174.485865013515
-178.7243938472,3.2785470364,-1.71511436258974,1.2348919219485,0.0208850115486107,175.253853476039
-178.4697635086,4.0040679578,-1.70680229161907,1.22692850306476,0.0214779236671177,176.022759983147
-178.2056786767,4.7292977033,-1.69709156229556,1.21895767723892,0.0218414482186443,176.794575364021
-177.9355629309,5.4532007554,-1.68762727588523,1.21129623685428,0.0219519580281742,177.56723191446
-177.6652937073,6.1779669561,-1.67716325211309,1.20322819653769,0.0220411948701868,178.340750821123
-177.3836755469,6.9026966608,-1.67036208438217,1.19516549903547,0.0224327563489853,179.118273768115
-177.0980719373,7.6205793445,-1.65977304082968,1.18791302336772,0.0232614437433756,179.890882963931
-176.8074628093,8.3354438245,-1.64646016533184,1.17992146016118,0.024430064500773,180.662559638442
-176.5185461535,9.0486154739,-1.62899638296233,1.17209736229276,0.0255207374513264,181.43203129839
-176.2164916590,9.7614292108,-1.61940919495694,1.16440362226813,0.0261127604062212,182.206202042584
-175.9031697977,10.4783255119,-1.6116947319131,1.15687205159435,0.0261651160233963,182.988577205411
-175.5864173753,11.1887769231,-1.59783715091361,1.14942219669704,0.0259397557585845,183.766441785351
-175.2672874563,11.8961270380,-1.57791184310037,1.14118761704644,0.0257231415528815,184.54244957541
-174.9403496649,12.5998113952,-1.56522270433873,1.13307525889748,0.0256237275157111,185.318374825698
-174.6062525950,13.2995177278,-1.5579808606276,1.12537811066661,0.0254891200901605,186.093752026771
-174.2633519000,14.0000476737,-1.54496406715646,1.11666504231851,0.0251577269506454,186.873702725085
-173.9155199890,14.7001944337,-1.53000625335419,1.10799036495542,0.0246040221958081,187.655490755072
-173.5609027498,15.3938557356,-1.51939425860892,1.09988728528139,0.0238525486039529,188.434541066708
-173.2034393127,16.0862002806,-1.51003264167917,1.09125802366549,0.0228465628686776,189.213720813552
-172.8405557534,16.7782315987,-1.49830947593242,1.08274732139298,0.0214944705398805,189.995124565041
-172.4679107957,17.4677829525,-1.48836890426611,1.07472292451279,0.0198476336629375,190.778926411187
-172.0899646214,18.1558193054,-1.48514957353296,1.06668386773242,0.0182696961821761,191.563934266999
-171.7089284811,18.8464627653,-1.48110642160429,1.05859742372702,0.0173155986640782,192.352716194278
-171.3232306691,19.5308705010,-1.47477874010277,1.05080749986728,0.0174550729676931,193.138322171125
-170.9344112039,20.2078821049,-1.46545990064791,1.04355183942378,0.0187611341604579,193.919043176616
-170.5458261504,20.8827714545,-1.4534622507496,1.03649688492376,0.0207909881610495,194.697807568408
-170.1464905071,21.5544962845,-1.44931906132144,1.02954034641297,0.0228140006916959,195.479269789707
-169.7399168669,22.2284503813,-1.44135520454775,1.02256496138661,0.0242544244557575,196.266363335251
-169.3257511268,22.9012029013,-1.42908301975822,1.01564534201818,0.0249583127114068,197.056381824585
-168.9079895692,23.5703941633,-1.41553077630594,1.00876686885828,0.0250981718115828,197.845268168815
-168.4851264622,24.2362011209,-1.40311239829089,1.00168925583606,0.024925957232676,198.634009008434
-168.0587239193,24.9009530451,-1.39110291456495,0.994751249451534,0.0246318986701422,199.423764824677
-167.6239333617,25.5623955880,-1.380529848033,0.987499631799904,0.0243349359193507,200.215313349149
-167.1818006342,26.2196473652,-1.37085004722525,0.980096308647002,0.0241860491501016,201.007437864147
-166.7380253325,26.8747088674,-1.3589464484507,0.972943037923088,0.0242710135115189,201.798666080307
-166.2926489977,27.5272913613,-1.34527527478567,0.965084999119322,0.0246151077538761,202.588744551744
-165.8395500440,28.1763263563,-1.33342527987598,0.95689775667119,0.0251420917161068,203.380290562106
-165.3815628296,28.8209584830,-1.32117464754,0.948881013460149,0.0257546212204141,204.171051504052
-164.9158012077,29.4625954055,-1.30853067640528,0.940146496527989,0.0263806342293224,204.963914562057
-164.4456380814,30.0993149402,-1.29301439339612,0.931402234888935,0.0269463450024847,205.755410065064
-163.9699287913,30.7318682166,-1.27865131926015,0.922929060812164,0.0273854765412421,206.546878937591
-163.4901977737,31.3605007887,-1.26375559342048,0.913929989561193,0.0275870444985322,207.337651192948
-163.0048110148,31.9853735433,-1.24924166108686,0.905285567023739,0.027459382029904,208.128894686017
-162.5118147756,32.6076095758,-1.23496558333972,0.897045865587192,0.0270321654561836,208.922760526039
-162.0131024249,33.2239609914,-1.22174952074806,0.889002901704737,0.0264269646893106,209.715605451766
-161.5124667523,33.8377039615,-1.20880725409749,0.881360685014086,0.0257877573402918,210.50763860128
-161.0099990986,34.4486178920,-1.19442801861868,0.873929578687103,0.0251523004358633,211.298644020731
-160.5014738662,35.0526829490,-1.18156864396428,0.866922920650948,0.0244153378860714,212.088259436612
-159.9841111753,35.6532623652,-1.17238377478727,0.860971636922047,0.0235128129962364,212.880950920855
-159.4660244491,36.2539899295,-1.16295975216019,0.854830040306216,0.0224546731986063,213.674227330594
-158.9456470893,36.8536409453,-1.15208863644899,0.848677237398032,0.0213670460711333,214.468188247428
-158.4224406022,37.4516734980,-1.14148451219494,0.84409318896189,0.0204940286757964,215.262787493667
-157.8968976889,38.0427561204,-1.13496458896619,0.841003785790317,0.0199629673008704,216.05371986772
-157.3690010995,38.6341779047,-1.12798228047802,0.838630179710644,0.0197489053510587,216.846471112497
-156.8392665172,39.2271069748,-1.11865161341958,0.836938865527804,0.019788114933213,217.641570860829
-156.3121706811,39.8186808054,-1.10928490976347,0.835822841099147,0.0199998234302474,218.433902620521
-155.7857390606,40.4126033223,-1.09955833831167,0.835464857193934,0.0203580863024013,219.227548767792
-155.2585982115,41.0085738337,-1.09065353841159,0.836000149069736,0.020908960026564,220.02319839253
-154.7324567539,41.6040556072,-1.08215538140205,0.837422234602416,0.0216967653751676,220.817819922549
-154.2076839951,42.1998859430,-1.0700790563883,0.839623945077912,0.0227093766058937,221.611797401735
-153.6893423081,42.8000623033,-1.05603169257055,0.842767003812966,0.0237831304817331,222.404823106184
-153.1728072380,43.4005260911,-1.04270301575873,0.846262164384157,0.0246374766391943,223.196887017164
-152.6587129960,44.0063361935,-1.03126051584898,0.851181289929121,0.0250900418022716,223.991430137339
-152.1483679374,44.6181323536,-1.01776227002398,0.85701975677846,0.025188093398748,224.788140009504
-151.6406964344,45.2330170719,-1.0045044486766,0.862634072244293,0.0251712918288833,225.585519198956
-151.1382441995,45.8494645186,-0.991018002631002,0.869200280768924,0.0253388032076056,226.380796322333
-150.6454363700,46.4680577082,-0.977148145858372,0.876261922493783,0.0257638757777716,227.171692706805
-150.1570433186,47.0882999239,-0.961919504593041,0.883124665284819,0.0262674882131499,227.961140728371
-149.6696862703,47.7133718770,-0.949798629872348,0.890973900343949,0.0266321400404668,228.753751502407
-149.1881339821,48.3432100353,-0.938001513049549,0.899338478887158,0.0267950076868787,229.546587369336
-148.7133871912,48.9776070597,-0.922576572038288,0.907373143370036,0.0269023365071381,230.338953509489
-148.2472634157,49.6151720645,-0.905810337096206,0.915983115036021,0.0271508098761239,231.128738612785
-147.7872791170,50.2524560765,-0.891499809396535,0.924955728517136,0.0275436330374038,231.914688017642
-147.3331257187,50.8937835544,-0.876719322559907,0.933834509886993,0.0278763489029701,232.700535485784
-146.8853899980,51.5410700008,-0.861844854969597,0.942984855495818,0.0278986244493531,233.487585051733
-146.4444522384,52.1930752289,-0.84796900301852,0.95218538471425,0.0275159090644724,234.274691731455
-146.0091908134,52.8495335186,-0.835197833233536,0.961623410691597,0.026875149918373,235.062340126553
-145.5823963316,53.5108116775,-0.821704100149496,0.971327975769369,0.0262648248915601,235.849386715434
-145.1612775752,54.1745015435,-0.808351664145668,0.980608365439686,0.0259814480762141,236.635405319061
-144.7468390739,54.8400698237,-0.79504341455246,0.990049613631694,0.0261912813821551,237.41945914813
-144.3403163758,55.5084829465,-0.782503438895006,0.999687311096282,0.0269104982871757,238.201786961041
-143.9403234617,56.1808298510,-0.769574270282398,1.00888140995067,0.028023469372854,238.984119813054
-143.5462804134,56.8567412268,-0.754999553834985,1.01838047465188,0.0295035398030395,239.766504700286
-143.1570636411,57.5356524862,-0.740251235317878,1.02808199885098,0.0313691944915969,240.54907111537
-142.7759395892,58.2152939747,-0.720819311823135,1.03768564541242,0.0336097992775737,241.32828103307
-142.3996554642,58.8964337544,-0.699181972674715,1.04737641700731,0.0360581159930812,242.106446274
-142.0280989913,59.5742324885,-0.674037402077843,1.05717262033071,0.0382968086033401,242.879405093491
-141.6643613466,60.2574492303,-0.649893375738571,1.06669436621083,0.0397999038148263,243.653414260355
-141.3091518248,60.9497175354,-0.625728135914656,1.07637984404009,0.0402442083456677,244.431494725733
-140.9595731783,61.6458524740,-0.603514817826927,1.08612256949832,0.0396987558689338,245.210474239515
-140.6138223176,62.3436451942,-0.577368294297955,1.09613488582971,0.0385847689634207,245.989228589707
-140.2757497688,63.0420333165,-0.552126387515855,1.10634295285173,0.0373911904714363,246.765140322874
-139.9460362859,63.7395004578,-0.530136043466044,1.11599690421666,0.036381501821871,247.536613844134
-139.6276872911,64.4411805612,-0.510071273819328,1.12562018861107,0.0355218709494226,248.307133830914
-139.3189671890,65.1482154701,-0.490452656112019,1.1356471577596,0.0346609340472403,249.078630080907
-139.0152238329,65.8584489670,-0.472259932224937,1.14579548693252,0.0337336372585367,249.851088265235
-138.7142536897,66.5681552442,-0.454431272790984,1.15612863435218,0.0328041242536474,250.621974785427
-138.4228600194,67.2806236437,-0.435717095277404,1.16717831469088,0.0319845484714735,251.391728961345
-138.1426425253,67.9949645015,-0.416362103579807,1.17777509054506,0.0312768224544439,252.159065070965
-137.8727796652,68.7121821999,-0.399283576622615,1.18835752888555,0.0305738916216336,252.925372574654
-137.6108695240,69.4338553611,-0.385034738966098,1.19970233707588,0.0297659777215262,253.693102392726
-137.3548347115,70.1575789058,-0.370478557954122,1.21064614621926,0.0288386009334755,254.460780446672
-137.1065215300,70.8840901738,-0.353837722159543,1.22199392452978,0.0279076790218595,255.22855519133
-136.8678842381,71.6124130341,-0.337863591035614,1.2338727482881,0.0271428016266448,255.994976711084
-136.6404863713,72.3410548813,-0.324889471699031,1.24554675898454,0.0266644047441212,256.758277917222
-136.4241293456,73.0723530699,-0.312703303990972,1.25723463707074,0.0264702339048006,257.520909809573
-136.2158891027,73.8063087071,-0.299522434153491,1.26927308225649,0.0265137093239444,258.283835019574
-136.0162304721,74.5423349120,-0.287180322913361,1.28098912174054,0.0267451054625107,259.046460840745
-135.8255442755,75.2786456240,-0.273138574927728,1.29283733182115,0.0271259668955164,259.807062372586
-135.6432922943,76.0163209492,-0.258425921677553,1.30473337408574,0.0275778341871908,260.566918062846
-135.4684518624,76.7546852380,-0.243277286768652,1.31631267361948,0.0279704713761186,261.325700640121
-135.3032382201,77.4959200289,-0.229160184330627,1.32805486473744,0.0282055357296634,262.085124476285
-135.1456545954,78.2390179785,-0.215419940093177,1.33999441954107,0.0282777697097045,262.84474751534
-134.9979100216,78.9832644459,-0.201206300248352,1.35180462190698,0.0282654869709007,263.603517087275
-134.8588743252,79.7285190980,-0.184961200022304,1.36363462870689,0.0282987074389723,264.361630153601
-134.7287377032,80.4736481445,-0.16976098104746,1.37571014716477,0.0284776615150323,265.118038004123
-134.6079505039,81.2190420764,-0.155732903144632,1.38759832536418,0.0288341010603891,265.873154989279
-134.4945644767,81.9658369612,-0.141490129581683,1.39930090344144,0.0293672839110586,266.628508542993
-134.3925956903,82.7135525873,-0.12523398515712,1.41129876930898,0.0301293462310671,267.383145071951
-134.3008712373,83.4619711161,-0.108470870757007,1.42285949101741,0.0312998186914918,268.137163420246
-134.2202143718,84.2107694347,-0.0907094404002784,1.4345238955679,0.0331181864199116,268.890293191206
-134.1502823329,84.9590644464,-0.0730247938283455,1.44679300143323,0.0357207708140712,269.641848854248
-134.0922518499,85.7044646790,-0.0523896872028367,1.45853064388154,0.0388973932734731,270.38950455285
-134.0459083240,86.4452786363,-0.0248974149274233,1.47021618453403,0.0419126333287031,271.131766664114
-134.0124051851,87.1862290794,0.00436648339716683,1.48237007500446,0.043701533018452,271.873474166712
-133.9844374307,87.9315336569,0.0289258122198568,1.4940643034243,0.0432955548761565,272.619303308302
-133.9663116170,88.6845876633,0.0488270539951152,1.50606221157395,0.0403757351250538,273.372575424923
-133.9559379744,89.4439993764,0.0665309270053598,1.51796114050571,0.0355709566612917,274.132057987267
-133.9520376427,90.2001768402,0.0834945833370782,1.5290675790029,0.030082142334002,274.888245509922
-133.9534976596,90.9519697798,0.0982352643756741,1.54110206991133,0.0251143239219593,275.640039867157
-133.9645051774,91.7012908032,0.107289145938665,1.55361963064926,0.0213937911379111,276.389441736381
-133.9854526993,92.4473100730,0.108159958317593,1.5659768082477,0.0189778676023698,277.135755041651
-134.0142197568,93.1953884681,0.10988856182562,1.57878288130404,0.0175009721999811,277.884386345297
-134.0494690372,93.9431770153,0.11629214862598,1.59169828713178,0.0164132318418408,278.633005222331
-134.0923246872,94.6894090620,0.121133976256317,1.60412867814518,0.0151809080248696,279.380466842891
-134.1460003951,95.4390610884,0.121878402342517,1.6163706880853,0.0134638154536993,280.132038025396
-134.2112234352,96.1910768700,0.120241768031072,1.62843161563166,0.0111689532957303,280.88687693582
-134.2873328920,96.9451658272,0.117698831008664,1.63969427141988,0.00850427046948841,281.644796987512
-134.3662499451,97.6989818606,0.116038158141759,1.65057964479728,0.00583838921882133,282.402732679711
-134.4437979004,98.4502390763,0.112560250707951,1.66175838211835,0.00345200457903823,283.157981704595
-134.5330936900,99.2005161966,0.105598747535687,1.67209477469134,0.00142773077864973,283.913554001104
-134.6397263189,99.9478468304,0.0958549302050677,1.68127708488052,-0.000326208734904116,284.668453725416
-134.7512542041,100.6936278360,0.0856158501966426,1.68940620901319,-0.0019450113244149,285.422527844768
-134.8598606411,101.4371779108,0.0769274039250902,1.69744853945699,-0.00350480756217336,286.173967843649
-134.9700284185,102.1779444663,0.0669262815767979,1.70522456754431,-0.00503353743372828,286.922881743193
-135.0884444385,102.9161670574,0.0542978158609841,1.71189206543775,-0.00651464312171228,287.670541390208
-135.2139649207,103.6511509720,0.0399985633395197,1.71765399158649,-0.00793316879103993,288.416166461035
-135.3438458118,104.3822002758,0.0264268930848388,1.72327132114943,-0.0092924353719561,289.158663686896
-135.4731427949,105.1105378755,0.0136128786538752,1.72948207260897,-0.0106384738658238,289.898388885125
-135.6003466984,105.8347532714,-0.00100989301559729,1.73551555656411,-0.0120655285323491,290.633690709401
-135.7339595659,106.5524469072,-0.0182309889736239,1.74168964034236,-0.0136037308620242,291.363715745477
-135.8742594776,107.2598299189,-0.0360473992772725,1.74761470517702,-0.0151740676394185,292.084877856516
-136.0201324312,107.9542866952,-0.0532289980815772,1.75286966847551,-0.0166153123215714,292.79448981576
-136.1631449023,108.6356653333,-0.06866588773741,1.75794375489968,-0.0177427753382002,293.490714934075
-136.3050831684,109.3010751849,-0.0845163420610042,1.76272978318979,-0.018378005776113,294.171094785382
-136.4440564626,109.9513770453,-0.101865679555532,1.76659978816441,-0.0184005934260736,294.836080564234
-136.5850294984,110.5878156756,-0.117204832699951,1.76984727635006,-0.0177939249367278,295.487945218058
-136.7268391133,111.2124163234,-0.130221441000973,1.77299284892913,-0.0166466320901799,296.128441850522
-136.8660839049,111.8274663136,-0.141936244449001,1.77595551846684,-0.0151581057512103,296.759057107609
-137.0040893314,112.4396118461,-0.154605422788974,1.7789914475638,-0.0136522848775922,297.38656619167
-137.1446550867,113.0528270673,-0.168032893522755,1.7818840897718,-0.0124674979078893,298.015685925249
-137.2867950881,113.6664717834,-0.180706660424255,1.78468401410799,-0.0117934518897459,298.645577675898
-137.4338074879,114.2772312135,-0.192915255696565,1.78733018529078,-0.0116220872054744,299.273781247328
-137.5792248430,114.8871216524,-0.204225250392215,1.78980139631105,-0.0118163992978328,299.900768132831
-137.7256095609,115.4957349611,-0.216985990570358,1.79159619946919,-0.0121972316246591,300.526738296035
-137.8716847173,116.1030150164,-0.23185878303846,1.79269616844775,-0.012564763907508,301.151339782469
-138.0173250677,116.7086991047,-0.247318348325654,1.79324294155143,-0.0127406724787713,301.774287875424
-138.1634796748,117.3126550386,-0.262024234285928,1.79246978227107,-0.0126287861691527,302.395676593702
-138.3055062941,117.9151841128,-0.274529893230071,1.79126531433408,-0.0122753381672165,303.014718471058
-138.4413871996,118.5159635016,-0.28558235442039,1.78893919694971,-0.0119020670837786,303.630672604448
-138.5752151221,119.1159159202,-0.298510809931358,1.78510276010333,-0.0118511339118059,304.24536994249
-138.7082400312,119.7169337927,-0.313499461986629,1.78014848304492,-0.0123946859821447,304.860933188294
-138.8372896664,120.3202063978,-0.33057559838776,1.77384595157486,-0.0135179549216729,305.477854288942
-138.9562507803,120.9258840586,-0.348336008046465,1.76524679928158,-0.0148276163824029,306.095103975359
-139.0690366526,121.5314327514,-0.362379267085593,1.75506158201358,-0.0157539982916316,306.71106653292
-139.1707950525,122.1345268396,-0.372905964235957,1.74294758870331,-0.0158023055647159,307.322685083345
-139.2641364971,122.7336069841,-0.383975783039429,1.72938784868538,-0.0148338729410292,307.928993292747
-139.3448084169,123.3303505555,-0.396110405191874,1.71514231986739,-0.0130840409681226,308.531165069431
-139.4158547565,123.9296559014,-0.410396085079943,1.70013843442503,-0.0108527610803117,309.134666916975
-139.4724912277,124.5301258504,-0.423767469053849,1.68334746245761,-0.00812626165798307,309.737801934602
-139.5150552352,125.1306132426,-0.433420071506043,1.66510009528893,-0.00449534604982442,310.339795956942
-139.5473362842,125.7272514114,-0.438461729620876,1.64545179504973,0.000628693471919771,310.937306769095
-139.5567601425,126.3150163766,-0.434295176994626,1.62496341666488,0.00758744068368825,311.525147277554
-139.5519753299,126.8907428523,-0.424015319178379,1.60337608750958,0.0160090351177721,312.100893636029
-139.5377652227,127.4615513427,-0.409710264983329,1.58139354602978,0.0248409851910728,312.671878977176
-139.5121030505,128.0322402308,-0.400524867647118,1.55837258453435,0.0328473614705966,313.243144549511
-139.4725041786,128.6018706836,-0.392778610827979,1.53434051935643,0.0391174991229958,313.814149736325
-139.4063132051,129.1715923841,-0.379498379861543,1.51023845328049,0.0434462363656085,314.387703623105
-139.3279186764,129.7386513568,-0.354674129376569,1.48486211770683,0.0462705709908728,314.960155874937
-139.2460942447,130.2963434795,-0.325963891698459,1.45666660715061,0.0482831811244055,315.523818665373
-139.1507645051,130.8475885013,-0.302151946742843,1.42844700866258,0.049986166874129,316.083245902236
-139.0317983746,131.3939800577,-0.280045901138714,1.40079034326052,0.0514948846658629,316.64243877876
-138.8917445079,131.9367590212,-0.257907541155542,1.37200607218691,0.0526478429885126,317.202995723872
-138.7387670731,132.4757115392,-0.233904416872225,1.34267147915511,0.0532408068067927,317.763238450041
-138.5771514754,133.0118622257,-0.209940389173794,1.31343967462517,0.0531048307504242,318.323218056857
-138.3946751870,133.5429335129,-0.187585520838813,1.28447963347549,0.0521940240954548,318.884764411116
-138.1920571142,134.0705254086,-0.167220186171756,1.25552256507411,0.0506389945016212,319.449925708231
-137.9697616763,134.5930003053,-0.147196352943795,1.22609439573499,0.0487700515411619,320.017724334061
-137.7366498148,135.1117635817,-0.126677261747303,1.19657319790079,0.0470469694066102,320.586456676067
-137.5005900280,135.6261554809,-0.105002045022157,1.16743803560171,0.0458559111447415,321.152427743277
-137.2481643585,136.1335050722,-0.0822377162510113,1.13846681448988,0.0453058650771415,321.719104305694
-136.9732826807,136.6323088375,-0.063932732834715,1.11033569772654,0.0452368915255988,322.288634930906
-136.6764045095,137.1212639110,-0.0471012770096656,1.0826981461429,0.0454401315285259,322.860660902746
-136.3673099359,137.6039326347,-0.0310452610512005,1.05456813019099,0.0456947840871521,323.433817558699
-136.0506606933,138.0858929541,-0.0133556504225011,1.02569310637185,0.0457802674309697,324.010491203226
-135.7213058864,138.5647796083,0.00858210109781243,0.997402000583598,0.045570844748531,324.591702882783
-135.3768740627,139.0318873916,0.0322393692688762,0.970565412706472,0.0450129106277655,325.172067390914
-135.0131983355,139.4894213987,0.0532238307428366,0.943473443952471,0.0440502730973656,325.756530736404
-134.6335528781,139.9463806380,0.0677291328736147,0.915533745282206,0.0427610113736306,326.350620308553
-134.2426849581,140.3989053098,0.0790169066993192,0.887591231541438,0.041482924651107,326.948580432232
-133.8381346096,140.8396813740,0.0943267081747874,0.86006900659264,0.0407029919108518,327.546865082918
-133.4152841155,141.2671124941,0.118797179369064,0.832826621130059,0.0408175018084069,328.148113702696
-132.9791408579,141.6839341334,0.142207191414103,0.804972505290648,0.0419814277137922,328.751405688519
-132.5350489790,142.0918069070,0.157416661852566,0.776433052973952,0.0441378511300894,329.354379814241
-132.0780790643,142.4874539495,0.172165820942578,0.748182403572813,0.0470442494439445,329.958828393665
-131.6045780364,142.8702196294,0.196755759944509,0.720581209067786,0.0503504360826672,330.567690273858
-131.1171612244,143.2396774022,0.229402001090796,0.693121958953278,0.0537615530378812,331.179306325428
-130.6222282905,143.5947363028,0.260821219425319,0.665747293397734,0.0570328325174546,331.788424895075
-130.1198348350,143.9391667936,0.289402624657637,0.638283192122234,0.0598471309887816,332.397548484517
-129.6029694599,144.2718302241,0.318928458111202,0.610780410076391,0.0619316289573886,333.012214876905
-129.0737977196,144.5912481693,0.352902497171057,0.583386422033884,0.0632887007473785,333.63031725873
-128.5371959591,144.8948715784,0.387320199084735,0.556308801963012,0.0642356083111689,334.246862978045
-127.9975373795,145.1898617130,0.422901886032225,0.528992198446437,0.0652070625624358,334.861883759781
-127.4528405856,145.4711677761,0.459207405878223,0.50125590119432,0.0665445437612191,335.474931635939
-126.9026819606,145.7358344755,0.495384303532655,0.47348184671159,0.0683654537599834,336.085442057197
-126.3478454638,145.9840445343,0.531347938521417,0.446117262515593,0.0705368938570636,336.6932675021
-125.7873549560,146.2166075394,0.5691261148586,0.418608070824509,0.0727985633077646,337.300091332078
-125.2214785791,146.4325347052,0.60777651944976,0.391291503915274,0.0748798437829543,337.905765018883
-124.6478262900,146.6279106039,0.648491169667215,0.364589538586361,0.0766325911597169,338.511775489571
-124.0680663661,146.8092219326,0.688381282720928,0.337887413589341,0.0780520208444589,339.119225378242
-123.4882159428,146.9822956376,0.7290456214982,0.310766696007697,0.0792611013602703,339.724354307337
-122.9054570780,147.1407065619,0.771562800300032,0.283985250465173,0.0804073197564039,340.328259859003
-122.3192854754,147.2847358692,0.817762609054989,0.258038237650926,0.0815762981996263,340.931867006993
-121.7260531555,147.4036156265,0.864265574009401,0.232308477758881,0.0828095460887632,341.536893437911
-121.1300832107,147.5025672755,0.903261319247878,0.206752555857255,0.0841194619700875,342.141022235315
-120.5339565623,147.5916032595,0.944516171002382,0.181505907299655,0.0854778539450025,342.743761306059
-119.9346936825,147.6699922759,0.991343604976391,0.156007683722115,0.0867743085299803,343.34812943646
-119.3345258039,147.7417926625,1.0406654067817,0.130684360925856,0.087875123616098,343.952576934606
-118.7323602589,147.7966211155,1.08896047757005,0.106268238608302,0.0886310103897085,344.557233451054
-118.1273077329,147.8287989423,1.13232441738136,0.0820204613160156,0.0888768968237096,345.163141011461
-117.5175666454,147.8459919490,1.17674629731976,0.0570600306254681,0.0885371543527846,345.773124448308
-116.9052839417,147.8513330362,1.22287559653616,0.0324155177803088,0.0877405595399356,346.385430447344
-116.2927268405,147.8458935426,1.27075276360968,0.00914194769017211,0.0867775619080411,346.998011699306
-115.6797730175,147.8263455523,1.31899632365035,-0.0132576998273777,0.0859524871199571,347.611277150029
-115.0680904468,147.7915927754,1.36378067026247,-0.0347956598783052,0.0854522933860434,348.223946165759
-114.4576616892,147.7447139086,1.40727565052169,-0.054830372742228,0.0852164988786795,348.836172346382
-113.8458926030,147.6900234942,1.45173230874156,-0.0739548436994341,0.0850415721143718,349.450381151472
-113.2321720884,147.6274190832,1.49743836555028,-0.092862050144159,0.0847626674038263,350.067286478354
-112.6193032757,147.5495768743,1.54358609539341,-0.11068571002395,0.0843283417496411,350.685078992951
-112.0043509544,147.4585446788,1.5859687940145,-0.126447894752442,0.0838621047747177,351.306732608796
-111.3893389797,147.3547912887,1.62788482156661,-0.141282255898916,0.0836135259974458,351.930434857441
-110.7762587572,147.2501911386,1.675032217614,-0.155871469392628,0.0837021551855869,352.552374203847
-110.1617851211,147.1414952024,1.72242245495129,-0.168794689736518,0.0840798563180296,353.176387549913
-109.5462434389,147.0264715211,1.77099455459095,-0.179979131626113,0.0845194731042388,353.80258401245
-108.9315619461,146.9011359887,1.81444911846082,-0.190385880541752,0.0847451095534276,354.429913537796
-108.3117728124,146.7629015658,1.85279698163176,-0.200234539735423,0.0846669155271528,355.064931116978
-107.6888387049,146.6222127261,1.89652360353642,-0.209708729902704,0.0844935099279213,355.703554834009
-107.0653601744,146.4787617076,1.9443149166613,-0.219003765847841,0.084584616740807,356.343323286436
-106.4428960119,146.3365407387,1.99272487829961,-0.228391669401902,0.0851966562222877,356.981828131849
-105.8238545956,146.1838614501,2.04251042506584,-0.237185626656818,0.0862500100165691,357.619419882279
-105.2051102166,146.0258323431,2.0905324066888,-0.245059735756638,0.0873383815837385,358.258026024779
-104.5818862609,145.8613635395,2.13443333347081,-0.253500628704955,0.0880718513352871,358.90258640696
-103.9537846337,145.6953986569,2.17776815672725,-0.262256368622211,0.0883204893444645,359.552244775883
-103.3261737692,145.5243784358,2.228290308323,-0.270413202535363,0.088284743620225,360.20273944407
-102.7021090837,145.3436545474,2.28117405365127,-0.278401672721152,0.0882582793985238,360.852445420247
-102.0803167150,145.1576682083,2.33776742207472,-0.286303695321328,0.0883625713887187,361.501457491092
-101.4565689260,144.9697597282,2.38816799515955,-0.293866637232994,0.0885112708661235,362.152895056088
-100.8294345370,144.7842306078,2.43753985544943,-0.30112158999926,0.0885687701974707,362.806897041143
-100.2016543576,144.5909355718,2.48791740284764,-0.308233465795969,0.0884901644591681,363.463761505562
-99.5748378486,144.3905833922,2.5394481289361,-0.314909108556402,0.0883422099407308,364.121819201997
-98.9501693749,144.1824177271,2.59128746667172,-0.321139813439,0.0882295654528644,364.780259515223
-98.3266911182,143.9717235195,2.6436124157054,-0.327600897255236,0.0881550474160069,365.438375907485
-97.7027188229,143.7574752567,2.69575635595477,-0.3346507735721,0.0880146226146482,366.098105960899
-97.0770372766,143.5404764000,2.74727999442455,-0.341214265481808,0.0876904700062184,366.760349044081
-96.4521386649,143.3183697149,2.79724203514705,-0.3472374641837,0.0871305080687658,367.423545586952
-95.8284939588,143.0909168165,2.84667011361968,-0.353569367723374,0.086357484672914,368.08737353184
-95.2064447709,142.8560465278,2.8963785831943,-0.359829898222413,0.0854468076893539,368.752286492032
-94.5851510414,142.6173496317,2.94619083610649,-0.365563173385776,0.0844815895793644,369.417855501671
-93.9645745783,142.3736898784,2.99445945958831,-0.371643279908895,0.0835805506597466,370.084552750745
-93.3440882754,142.1280472813,3.04095621602341,-0.377638586354718,0.0828521038348897,370.751893396605
-92.7247899102,141.8807764021,3.08781218726053,-0.382948687206799,0.0823345545930564,371.418731722481
-92.1058310062,141.6310979453,3.13609491027677,-0.388134281951562,0.0819773546727397,372.086151722597
-91.4906106465,141.3732395280,3.18495673777128,-0.3938098128467,0.0816341819310781,372.753225222612
-90.8755326350,141.1117131585,3.2313852949504,-0.398938785712577,0.08113617244635,373.421594134353
-90.2580178662,140.8501744867,3.27592049892278,-0.403545264065319,0.0804077477494093,374.092210989535
-89.6388355334,140.5891669631,3.32111350356197,-0.408189911720898,0.0795194059650292,374.764157184261
-89.0208312868,140.3228303442,3.36763399996968,-0.412677142369226,0.0786477357550387,375.437109220742
-88.4052431031,140.0516447993,3.41512708065774,-0.416784735892772,0.0779700509173477,376.109783296156
-87.7916092527,139.7787565591,3.46070939333141,-0.421109443557878,0.0775580595454437,376.781359422871
-87.1781393017,139.5044992965,3.50460713205715,-0.425898300393946,0.0773254725702539,377.453343371276
-86.5641843362,139.2251944750,3.54849072501746,-0.430228415729673,0.0771136600921677,378.127844581736
-85.9498321194,138.9420092648,3.59274097551129,-0.434141656158624,0.0768332021333334,378.804322600241
-85.3365761868,138.6574009579,3.63801867472736,-0.438550265907044,0.0764832768517461,379.480403015022
-84.7237444153,138.3701103437,3.6831740033845,-0.442986395455586,0.0760906807768946,380.157232888223
-84.1104704149,138.0794955962,3.72788745843185,-0.446956551328057,0.0756845604711756,380.835880021101
-83.4980873158,137.7859339480,3.77126208534845,-0.451010446253239,0.0753164726058496,381.514990837748
-82.8862848502,137.4895266324,3.81467469444036,-0.455573697533904,0.0750240170766425,382.194814016033
-82.2748825948,137.1897602667,3.85900655875126,-0.46003412118438,0.0748023234733775,382.875749102428
-81.6636770210,136.8881968605,3.90374646576064,-0.464543461972865,0.0745867904283903,383.557300818341
-81.0545011642,136.5838045354,3.94834059576914,-0.469627116579076,0.0742800224325038,384.238292677346
-80.4461136028,136.2737753013,3.99139497264784,-0.474641988847683,0.0737865342178478,384.921120291683
-79.8378905603,135.9572039955,4.03339541192905,-0.479525201473273,0.0731038742575086,385.606797082251
-79.2289058371,135.6377790372,4.07504874430748,-0.484786814664288,0.0724038364716435,386.294470476383
-78.6208342385,135.3180255229,4.11787138991309,-0.490196947112218,0.07192921928927,386.981488219187
-78.0140691144,134.9963420812,4.16085965941192,-0.495460041164314,0.0718468372907444,387.668251753852
-77.4102289398,134.6681126365,4.2033548512078,-0.501189903950636,0.0721205140152799,388.355534464804
-76.8093732426,134.3335164673,4.24351927379446,-0.50697572708619,0.0725551962394771,389.043271453294
-76.2073842771,133.9957180524,4.28300681604578,-0.512672779047501,0.0728729308067493,389.733560149173
-75.6047358264,133.6543515432,4.32498741157287,-0.518650971169496,0.0728368614877317,390.42617566209
-75.0014239620,133.3087311083,4.36798294429042,-0.524835325574497,0.0723185821704428,391.121473217634
-74.3996424573,132.9586417716,4.41105680240197,-0.530660265290942,0.0713145287381792,391.817679741001
-73.7981613992,132.6039919942,4.45116648663082,-0.536366261810365,0.0699454599902054,392.515931792763
-73.1979675976,132.2414184250,4.48955476409605,-0.542261494096482,0.0684129400890688,393.217139459962
-72.5982988239,131.8731108141,4.52615826287984,-0.548030537120946,0.0670260547287329,393.920881695725
-71.9976135249,131.5077978031,4.5636712280483,-0.553501632648882,0.0660726832275359,394.623929648894
-71.4004465023,131.1403726004,4.60405405295075,-0.559824647191674,0.0656763826049078,395.325078515024
-70.8059697278,130.7666284893,4.64193640324635,-0.566068132604184,0.0657003851870791,396.027280263773
-70.2147462423,130.3852252988,4.67741442470391,-0.571914285319715,0.0658559724854883,396.730852295359
-69.6222546875,129.9991169177,4.71310976591647,-0.578528270965545,0.0658557485052804,397.438048112916
-69.0288960906,129.6091620820,4.75108528158091,-0.585247803195341,0.0655991477012111,398.148075716916
-68.4344361199,129.2170209181,4.78967472913727,-0.591416832325937,0.065195377653453,398.86022552501
-67.8440123754,128.8190702543,4.82740732157762,-0.597663831460596,0.0648190591358365,399.572240222153
-67.2545937878,128.4159838268,4.86387643040305,-0.603820357559983,0.0645782882976493,400.286308103676
-66.6663926101,128.0084287017,4.90043908982109,-0.609228355827363,0.06444782328946,401.001907017463
-66.0789064915,127.5995969290,4.9386077197694,-0.614474726991275,0.0643150336885119,401.717646745195
-65.4916791108,127.1861010216,4.97732586336708,-0.619909139332161,0.064024637670501,402.435849266878
-64.9040526926,126.7660612500,5.01448602157938,-0.625659342834561,0.0634884310856389,403.158163753174
-64.3155750912,126.3420684735,5.04880778780834,-0.631620201667731,0.0627725759014523,403.88347455681
-63.7305403391,125.9128247176,5.08532176066629,-0.637828739644769,0.0620218933474908,404.609088685055
-63.1471630144,125.4783689022,5.12464253498646,-0.64372514891922,0.0613401486600188,405.336468199804
-62.5643917764,125.0389771282,5.16072457418856,-0.649423114453189,0.0607428397207339,406.066322600988
-61.9837340025,124.5949126166,5.19419485504973,-0.655467761876666,0.0601752072144455,406.797319687731
-61.4036795512,124.1451193365,5.22848734624733,-0.661459879897434,0.0595556583366481,407.531334102702
-60.8222305895,123.6920982597,5.26424255756424,-0.667346341420994,0.0588502688603809,408.268430426835
-60.2415466913,123.2346988706,5.30020972351276,-0.673529395251564,0.0580783467631453,409.007624576395
-59.6635401455,122.7711542813,5.3346646985672,-0.67970270202931,0.0573117907967936,409.748546403098
-59.0855750316,122.3034499170,5.36804696097348,-0.68595727795743,0.0565869273622101,410.492045592906
-58.5088172631,121.8313780783,5.4028105296626,-0.69233486579265,0.0558731502735776,411.23736521858
-57.9349938367,121.3511686021,5.43680189672187,-0.698821489932354,0.055122011927525,411.985612815115
-57.3617317605,120.8677355970,5.47008367071281,-0.705126728555018,0.0542674053350709,412.735504059493
-56.7889101171,120.3783961232,5.50143065333146,-0.711653947127747,0.0532816101595748,413.488881624757
-56.2167278849,119.8827359855,5.53314160838966,-0.718218854167925,0.0522114152888019,414.245896472004
-55.6471132065,119.3812910569,5.56510370564948,-0.724541375505518,0.0511679119176737,415.004782430649
-55.0789462330,118.8748917280,5.59545462594958,-0.731145375118714,0.0502667164831589,415.765869804165
-54.5140097171,118.3639065757,5.62465024667227,-0.737884553994766,0.049571677495718,416.527617198584
-53.9508305034,117.8478220413,5.65427690776135,-0.74455529136085,0.0490734881524599,417.291498127378
-53.3904199420,117.3237388363,5.68341565278716,-0.75135490333418,0.0487391434097991,418.058781128019
-52.8301174870,116.7958181246,5.71129496087888,-0.758029073787875,0.048553925989091,418.82861170606
-52.2696190562,116.2656478322,5.74035583294931,-0.764910935988684,0.0484905003378552,419.60012906159
-51.7130014639,115.7288100032,5.77076550019213,-0.772079379990347,0.0485151256546197,420.373445296205
-51.1609558418,115.1836098331,5.80023933395461,-0.779184160475022,0.0485603668783035,421.149330335575
-50.6094109973,114.6342066097,5.82905103980981,-0.786506973274064,0.048552097614965,421.927819653084
-50.0579497513,114.0799715689,5.85814192806946,-0.793993681373695,0.0484509818978251,422.709667455599
-49.5117716193,113.5191363790,5.88864353677327,-0.801003491495191,0.0482048413393904,423.49251269066
-48.9700502254,112.9517680626,5.91917476387064,-0.807544428311208,0.0477639434872219,424.276967198606
-48.4284218462,112.3801129544,5.94779158237002,-0.814027632374398,0.0470782518773739,425.06446377883
-47.8879356788,111.8043415543,5.97467289403152,-0.820668787382995,0.0461549458292827,425.854171321096
-47.3493545399,111.2236915949,6.0017759746139,-0.827170385929937,0.0451446492421466,426.646146079896
-46.8165110940,110.6389238802,6.0300407611787,-0.833580810305613,0.0442615996460417,427.437268964092
-46.2865935533,110.0527019506,6.05650567463495,-0.840447494150146,0.0436875821487944,428.227502316132
-45.7593526078,109.4640840200,6.08177529560435,-0.847401006933878,0.043469446938781,429.017726387498
-45.2393602924,108.8727812624,6.10702880830482,-0.854544634443629,0.0434443409129141,429.805146833736
-44.7249128339,108.2764723219,6.13475175162233,-0.861756572094328,0.0433182021565137,430.592700349399
-44.2133294879,107.6776201581,6.16226868463276,-0.869133203743309,0.0428343168517513,431.380317917807
-43.7052714362,107.0748001457,6.18605516672759,-0.876648020653637,0.0418622894302107,432.168680113306
-43.2026603159,106.4648399194,6.20905427337068,-0.883754237546735,0.0405288788211144,432.959040420891
-42.7058208153,105.8505540358,6.23270962809785,-0.890747677373167,0.0391610218482899,433.749101580713
-42.2153683932,105.2362908793,6.25646117770816,-0.898008900546275,0.0380817691362329,434.535144075588
-41.7250171774,104.6223389363,6.27767445762931,-0.905161287601497,0.0374735877806984,435.320880229214
-41.2406750065,104.0046267855,6.29780906983327,-0.912071099713954,0.0372901217541117,436.105836049468
-40.7616580067,103.3838805377,6.31755789138576,-0.918945552895602,0.0373167750974814,436.889917161524
-40.2867733507,102.7602112338,6.34000190843984,-0.925815083448546,0.0372814045472655,437.673804166874
-39.8175072687,102.1332507745,6.36275746835024,-0.932806036611681,0.0369198116051477,438.456932555586
-39.3512651031,101.5016839254,6.38295277733477,-0.939689474881179,0.036091434873256,439.241953855839
-38.8857790675,100.8672571762,6.40202778424416,-0.946589016135126,0.0348839647204039,440.028830307039
-38.4263069640,100.2286798167,6.42165999614492,-0.953090136934302,0.0335495247363469,440.815529523958
-37.9754431006,99.5851121167,6.44174826863522,-0.959423725728285,0.0323966556658027,441.601314232267
-37.5287317895,98.9404585581,6.45984986712568,-0.965732917708842,0.031626660439488,442.38561596378
-37.0854570563,98.2949227776,6.47573126968561,-0.972312091831449,0.0312109634364618,443.168692545671
-36.6450018434,97.6456956822,6.49166438870217,-0.97896161085891,0.0309890891304751,443.953228469571
-36.2085401542,96.9930219514,6.50950174941294,-0.985239338625498,0.0307849708764768,444.738392022699
-35.7776332410,96.3370790477,6.52706603185417,-0.991674236629624,0.0304769876580343,445.52321165842
-35.3482857340,95.6778976011,6.54315410829307,-0.998077177167615,0.0300482383029836,446.309887869696
-34.9219636317,95.0161179936,6.55902817007147,-1.00431712407387,0.0295487287827046,447.097099901973
-34.5020605079,94.3513895259,6.57582209819177,-1.01070245060784,0.029054803671938,447.883345772632
-34.0855814781,93.6840456131,6.59190372090053,-1.0171555027711,0.0286221343518513,448.669985893806
-33.6712728538,93.0156171545,6.60689898258991,-1.02356251877049,0.0282557592348384,449.456400695623
-33.2617271551,92.3433290109,6.62145367080649,-1.03001443170522,0.0279173092637766,450.243610342017
-32.8550156236,91.6674711274,6.63620362817943,-1.03637893689661,0.0275768200271423,451.032405720094
-32.4525481884,90.9884180407,6.65037850936688,-1.04267480783452,0.0272181556524096,451.821768203967
-32.0560044758,90.3060594934,6.66532672017509,-1.04896940127353,0.0268423707083399,452.610983068881
-31.6653307350,89.6195685649,6.67991622959543,-1.05543894036183,0.0264212500167061,453.400853796778
-31.2777164350,88.9296636888,6.69332364779727,-1.06192215265564,0.0259543983205142,454.192190377201
-30.8930000845,88.2364760279,6.70547499852194,-1.06853170717245,0.0255120970653685,454.984980263397
-30.5107960039,87.5421891870,6.71928077653748,-1.07502984832954,0.025215338713682,455.777516809331
-30.1346155985,86.8434248274,6.73308961537575,-1.08110971757284,0.0251826376416246,456.571105700189
-29.7649666984,86.1419287834,6.74670691931353,-1.08749993810849,0.0254069024573254,457.364035084888
-29.3988060827,85.4393995509,6.76010483308917,-1.09387871146836,0.0257265526128992,458.156260380411
-29.0368848743,84.7330902869,6.77461471341853,-1.10047371325634,0.0258850726086858,458.949897411832
-28.6797978413,84.0223425675,6.78875190794977,-1.10705055845696,0.0256906327000348,459.745305149818
-28.3216220162,83.3079952129,6.80190146115454,-1.1133996575569,0.0252146973655938,460.544418448837
-27.9680887640,82.5900288901,6.81392360424927,-1.11963599839164,0.0247199833555768,461.344706772594
-27.6223019655,81.8692139134,6.82745543770321,-1.12602486146652,0.0245552001945398,462.144170805949
-27.2809591319,81.1479212661,6.84185013941092,-1.13229612716891,0.0249084785424379,462.942154523254
-26.9451872396,80.4276114468,6.85499520510039,-1.13938837740789,0.0257050438746873,463.736880261822
-26.6122471608,79.7024233527,6.86599482638477,-1.14662955378009,0.0266724012334796,464.534844463927
-26.2819294281,78.9747262704,6.87936894953277,-1.15342066272795,0.0275437083637889,465.334002050504
-25.9570351082,78.2441056692,6.89430153817409,-1.1605504257174,0.0281570320838521,466.133603690038
-25.6399257305,77.5106235417,6.91220272704944,-1.16785930565953,0.0284512507013452,466.932699672302
-25.3257256219,76.7748218428,6.92716545226029,-1.17466367636815,0.0284298906460124,467.732778323607
-25.0150541343,76.0364073232,6.94077464373192,-1.18200968627264,0.0281158417179938,468.53388554239
-24.7091457524,75.2950797935,6.955000028262,-1.18935720893155,0.0276243427584854,469.335849659009
-24.4104572582,74.5507336569,6.97089532673191,-1.19623548663681,0.0270809492330104,470.13788830381
-24.1168383721,73.8058096203,6.9849521466652,-1.20358593359963,0.026580208787132,470.938590414814
-23.8275247679,73.0575279483,6.99623041984938,-1.21093336635802,0.0261687609098622,471.74085459959
-23.5458317658,72.3071103178,7.00861245846699,-1.21809367517957,0.0258262112552469,472.542401583575
-23.2712953952,71.5528216977,7.02220276211386,-1.22532298586127,0.0255268719132537,473.345098002651
-23.0009943081,70.7955943279,7.03478612204334,-1.23247263920044,0.02527937634726,474.149122857576
-22.7351355053,70.0376674281,7.04573474163924,-1.23964018758386,0.0251113312948799,474.952325253229
-22.4737925744,69.2775960833,7.05841216858745,-1.24699142297286,0.0250415852327941,475.756071840702
-22.2188709262,68.5149797806,7.07183882085305,-1.25394092490788,0.0250276576598192,476.560166780217
-21.9726606983,67.7487050276,7.08349265182997,-1.26098449077228,0.0250007936503028,477.365024825742
-21.7280437902,66.9808738402,7.09462880936927,-1.26798516477862,0.0248939460930941,478.170879753179
-21.4859842603,66.2119775506,7.10735626272858,-1.27460730876382,0.0246526106971122,478.976977960714
-21.2511728656,65.4391145497,7.11950037135733,-1.28111646931454,0.0242282478149933,479.784723966086
-21.0230620295,64.6637676750,7.13047378353885,-1.28795885567981,0.023594723554659,480.592930208121
-20.7978674215,63.8864350148,7.1410494450619,-1.29441057387035,0.022779522564794,481.402225380526
-20.5789251664,63.1058837507,7.15062936160816,-1.30131549728426,0.021888453611062,482.212901633437
-20.3660581370,62.3220656192,7.15923193591574,-1.30797376025792,0.0211048961974259,483.025110495385
-20.1558125476,61.5367293646,7.16713074600523,-1.3142136208333,0.0206282787268778,483.838102648277
-19.9523270560,60.7505822698,7.1755078337973,-1.3209520119845,0.0205869154695602,484.650157818718
-19.7527281772,59.9640403914,7.18447664138876,-1.32723535359568,0.020916777085308,485.461630454737
-19.5569623452,59.1755687431,7.19333812025432,-1.33327425098953,0.0213896164780343,486.274041558284
-19.3650595595,58.3839319375,7.20168294832609,-1.33968424051654,0.021759169847901,487.088606172757
-19.1787700704,57.5900309461,7.21062182519429,-1.34557150039446,0.0218866367464694,487.90407079973
-18.9957995970,56.7934652036,7.22026057764885,-1.35137883096404,0.0217812658233984,488.721380518376
-18.8161598445,55.9949581506,7.22933577130814,-1.35740696831782,0.0215407505444705,489.539844906346
-18.6407445770,55.1960992882,7.23845910499124,-1.36281608388609,0.0212201559921082,490.357736096052
-18.4722382523,54.3951760045,7.2462546393377,-1.36837223900766,0.0207880899378211,491.176193479045
-18.3068918046,53.5918228115,7.25348355522353,-1.37366477895115,0.0201959539837125,491.99638601774
-18.1448177236,52.7859152470,7.26083266943315,-1.37836262945104,0.0194895752350557,492.818429210156
-17.9867581861,51.9765911678,7.26729101954577,-1.38314427315265,0.0188825466327914,493.643043230536
-17.8317996677,51.1657309920,7.27226869671057,-1.38757817719024,0.0186671669674672,494.468577219566
-17.6808034523,50.3563190642,7.27805877078755,-1.39134243463839,0.0190130653617313,495.291952909012
-17.5304605061,49.5487825653,7.28865134053585,-1.39532925120611,0.0198230216584958,496.113365228499
-17.3828621926,48.7393777717,7.29814580455223,-1.39851439789025,0.0208085216455645,496.936117549651
-17.2385744386,47.9256358940,7.30491777043598,-1.40164007995211,0.0216993281121987,497.762552543746
-17.0968902211,47.1085747603,7.31257649370602,-1.40465362392825,0.0224413755933563,498.591807217332
-16.9531309756,46.2916699669,7.32632627877207,-1.40739949879821,0.0231519498555662,499.421264969227
-16.8123169646,45.4768915260,7.3405101135455,-1.41042416130638,0.0239223062674261,500.248121966204
-16.6751540048,44.6613050522,7.35231003048052,-1.41316131780535,0.024691048607381,501.075161852681
-16.5413922111,43.8430382667,7.36283529520575,-1.41512802920854,0.0252997684370237,501.904289556736
-16.4071305095,43.0222315224,7.37526631801069,-1.4172611576834,0.0256426456462159,502.736004601753
-16.2721621048,42.2006260600,7.39038012496982,-1.41918025612083,0.0257655009978461,503.568622164697
-16.1386466750,41.3795633870,7.40417929841955,-1.42083106387798,0.025777545503522,504.400469676491
-16.0056994324,40.5590782821,7.41645406014143,-1.42251969608344,0.0257386095298641,505.231656043496
-15.8733696967,39.7369681372,7.42843244370977,-1.42383437799821,0.0256623643781198,506.064348213117
-15.7467053602,38.9131428660,7.44117787128447,-1.42514341251882,0.0255770382659694,506.897854020929
-15.6169443074,38.0888053384,7.45370706654904,-1.42634615116684,0.0255408021265328,507.732342061741
-15.4860580717,37.2647064498,7.46639636892593,-1.42716655670549,0.0256306916003717,508.566770120267
-15.3567112170,36.4421468565,7.47853803128639,-1.42802661773112,0.0258460832647467,509.399437456749
-15.2284414363,35.6199652582,7.49323492700643,-1.42858145759403,0.0261031872444689,510.231564680997
-15.1010781935,34.7953059577,7.50644774135535,-1.42884836777313,0.0262642771125259,511.066001231912
-14.9723989343,33.9695070355,7.51843233969861,-1.42941273665877,0.0262549330287007,511.901765679341
-14.8424245859,33.1441554225,7.53280510266131,-1.42946461128959,0.0260786142448203,512.73728863915
-14.7113257634,32.3208329645,7.54861025815329,-1.4293444773988,0.025756537852199,513.570983290175
-14.5824388480,31.4966331065,7.56114723851548,-1.42914712721927,0.0252561290472035,514.405199834558
-14.4524558959,30.6710932502,7.57260718050004,-1.42779743731024,0.0245178935719776,515.240910084602
-14.3227690875,29.8436680752,7.58331743591314,-1.42668646221742,0.0236189938298237,516.07843685349
-14.1885231462,29.0172505508,7.59534904985437,-1.42491277421239,0.0227593576754763,516.915687053452
-14.0541581706,28.1910913443,7.60710109199571,-1.42233180780776,0.022199346304586,517.752701379025
-13.9183855680,27.3643670455,7.61523786059181,-1.41961995202967,0.0221493048328325,518.590500439489
-13.7802006165,26.5406201523,7.62312168582547,-1.41647189622322,0.0226113624096582,519.425757301181
-13.6363853044,25.7188797842,7.63759547754228,-1.41273470908303,0.0233649274131937,520.259987531121
-13.4895451413,24.8985594460,7.65148409839838,-1.40943231291496,0.0240532391455499,521.093346691861
-13.3380483102,24.0801577982,7.66338499241209,-1.40543427490663,0.0243718611310645,521.925652252856
-13.1857723363,23.2610834298,7.67473255978503,-1.40135152848909,0.0242962177791457,522.758761365279
-13.0313070672,22.4463697759,7.68839788349552,-1.39738057831037,0.0240486457526859,523.587988630429
-12.8707417886,21.6398775249,7.70385699292929,-1.39302960581479,0.0239507157127567,524.410309103024
-12.7077426182,20.8407392934,7.71728623442961,-1.38893234192681,0.0241908059857435,525.225901306619
-12.5441073526,20.0494110941,7.72919068111639,-1.38430563094657,0.0247177829190638,526.033971117442
-12.3800284977,19.2622965157,7.74330767590908,-1.37964725058706,0.0253522888957373,526.838005463826
-12.2111438572,18.4815812631,7.75872698970709,-1.3754670429098,0.0259008594813687,527.636778477537
-12.0364110726,17.7069552054,7.77289524087796,-1.36993571555279,0.0262047110877121,528.430867310911
-11.8619792960,16.9389622274,7.78794601003552,-1.36623638860545,0.0261902321134978,529.218420267162
-11.6904518825,16.1778380162,7.803996895286,-1.36154486933957,0.0257780217419983,529.998632878247
-11.5137192426,15.4221080906,7.82092459513374,-1.3561816006568,0.0249487778763952,530.774752808694
-11.3270354085,14.6706460996,7.83104964160658,-1.35103501236728,0.0238770080737994,531.549056352369
-11.1374994296,13.9264409580,7.83959293863916,-1.34598419846785,0.0228992582601662,532.317018057193
-10.9544657834,13.1872341756,7.85207802865174,-1.33993688318874,0.0224413946813819,533.078548084745
-10.7716611948,12.4559753719,7.86665443191256,-1.33411121821972,0.0227607917879227,533.832309954006
-10.5802337952,11.7357699261,7.87763487518367,-1.32905952252514,0.0238478106872165,534.577521557151
-10.3818693702,11.0223365496,7.88761212044687,-1.32383996999468,0.0254675342397592,535.318018436158
-10.1906514282,10.3129500102,7.90337843120219,-1.31818360730858,0.0272146321431822,536.05272488344
-9.9950398561,9.6083980099,7.92226717128587,-1.31266529101637,0.0287282895850319,536.783927596918
-9.7978763372,8.9116131893,7.93970902246519,-1.3073446327633,0.0297399203502893,537.5080702206
-9.5996433249,8.2224852107,7.95606151292873,-1.30236956426342,0.0300276346764613,538.225143228087
-9.3998684113,7.5340780203,7.9745171362051,-1.29689259314108,0.0294802077258832,538.941951763185
-9.1916884509,6.8525423517,7.98966534580635,-1.29210163469597,0.0281732543459369,539.654573516568
-8.9796828162,6.1796917568,8.00265602322852,-1.28731241374572,0.0262797997143757,540.360033871409
-8.7692489485,5.5119261123,8.01941547769054,-1.28235404898341,0.0239564704984011,541.060171978249
-8.5560491193,4.8509637385,8.03346231812318,-1.27732181740888,0.0213472054652264,541.754668505738
-8.3423922238,4.1970698427,8.0409650439066,-1.27268689753006,0.0186280711593111,542.442583105083
-8.1249933587,3.5508428216,8.04450523584078,-1.26897985198623,0.0160485163516844,543.124398057457
-7.9055939904,2.9125063842,8.0506771029756,-1.26630857377435,0.0139367805062596,543.799386568593
-7.6885540732,2.2860615957,8.05921018302401,-1.26440807437456,0.0125512063264999,544.462364244512
-7.4806980059,1.6683289384,8.06773089115021,-1.26388938871294,0.0119493469504614,545.114129371335
-7.2788025593,1.0558480696,8.07125102324096,-1.26369592048795,0.0119696229082594,545.759028267278
-7.0763061045,0.4535988840,8.07266330501586,-1.26396421767931,0.0124153258055189,546.394409173365
-6.8794495368,-0.1381528772,8.07483130885816,-1.26537013818274,0.0131466443243127,547.018045810409
-6.6894273870,-0.7206579118,8.08483759311093,-1.26767141963713,0.0140277762359979,547.630761513442
-6.5094412298,-1.2981895589,8.09636942273886,-1.27064149716192,0.0148675610931244,548.235689459742
-6.3355094246,-1.8682627724,8.10203933747501,-1.27472907247619,0.0155012332683098,548.831706021263
-6.1666937076,-2.4313267889,8.10469813787116,-1.28069388146177,0.0158023540299787,549.419532384228
-6.0020796718,-2.9904559424,8.10649103069225,-1.28739700452284,0.0157373062247902,550.002390163691
-5.8452217530,-3.5482744370,8.1141943967182,-1.2947607069378,0.0154199959043544,550.581843250302
-5.6983092924,-4.1008002462,8.12368412535281,-1.30362987147773,0.0150327171653993,551.153566995605
-5.5602805641,-4.6478744490,8.12840356611194,-1.31451313601507,0.0146497205558339,551.717785138826
-5.4327310767,-5.1919089414,8.12962849024795,-1.32644486273963,0.0141607874918719,552.276571681914
-5.3136189869,-5.7342828398,8.13092426693936,-1.33995754601486,0.0133537591246431,552.831870822492
-5.2058357851,-6.2765661926,8.13352076060488,-1.35553568021612,0.0121428341722905,553.384761818431
-5.1105440041,-6.8184424653,8.13578368207271,-1.37307371857192,0.0106718027199291,553.934953074677
-5.0295963790,-7.3582365943,8.13507357224222,-1.3922568250075,0.00924696239900019,554.480782919666
-4.9627109694,-7.8958145630,8.13334453267299,-1.41232055454918,0.00817619427461955,555.022505847431
-4.9043997810,-8.4285989819,8.13483659219776,-1.43345270606775,0.00763348404115764,555.558471734134
-4.8556583500,-8.9579178958,8.13814549752404,-1.45679482246915,0.00774910577089824,556.090030046734
-4.8223927792,-9.4850007271,8.13902884728883,-1.48101863564019,0.00862413462286513,556.618161573164
-4.8064883586,-10.0105744309,8.13602557124076,-1.50534076709961,0.0104505236382851,557.143975864257
-4.8031989676,-10.5328215932,8.13275763006486,-1.52989905680162,0.0134753495184418,557.666233385696
-4.7934804428,-11.0428420739,8.1422308062288,-1.55581721298876,0.0179976853310927,558.176346452053
-4.8008600930,-11.5480853758,8.15868791767093,-1.5830237662753,0.0240532093218542,558.681643645099
-4.8294159007,-12.0492463008,8.1708663714878,-1.61026757422895,0.031375858354639,559.183617456066
-4.8751377864,-12.5475818059,8.17789966807301,-1.63788077117131,0.0395399171902886,559.684046038918
-4.9474162091,-13.0325444648,8.19065299113514,-1.66575470152368,0.04798771810295,560.174365272582
-5.0325366330,-13.5137166426,8.21853615398626,-1.69665591509037,0.0559741063301669,560.663008446305
-5.1268689783,-13.9981727827,8.253869871877,-1.72640540109828,0.0627332622269055,561.156563248787
-5.2367211128,-14.4772744695,8.28315487747228,-1.75620579509221,0.0678536370616889,561.648097497558
-5.3563360382,-14.9502035465,8.3041405451502,-1.78721412281209,0.0712149746054566,562.13591881964
-5.5027697999,-15.4208084046,8.32736632349065,-1.81857318494338,0.0730449913877809,562.628779630641
-5.6768863564,-15.8864910264,8.36527508648331,-1.84850052848002,0.0740291500923948,563.125948494819
-5.8638334146,-16.3343140908,8.40632811187885,-1.87943228247819,0.0750513465733513,563.611226455949
-6.0552474027,-16.7690163578,8.44364219813404,-1.91122898787969,0.0766725078440462,564.086205798433
-6.2537426450,-17.1972665313,8.47640152629897,-1.94282090130031,0.0788051223647199,564.558221234999
-6.4647179976,-17.6158317647,8.50949095316362,-1.97467394315857,0.0808790031268096,565.026950852187
-6.6897030455,-18.0266101249,8.54511276468102,-2.00670326490325,0.0822870963089882,565.495306628219
-6.9312870301,-18.4270802666,8.57896294249471,-2.03818982308727,0.0825808572632814,565.963002208725
-7.1867041429,-18.8181160733,8.61053337638528,-2.06945674727281,0.0815121646812708,566.430064199876
-7.4532149927,-19.2031127320,8.64051532983918,-2.10100590071413,0.079067984384057,566.898306082155
-7.7303277387,-19.5801665637,8.67155624785605,-2.13237454614506,0.0754154979375046,567.366238840185
-8.0192061768,-19.9494691286,8.70266805023002,-2.16301104855364,0.070895640112764,567.835104638038
-8.3179439914,-20.3123372475,8.73380790946224,-2.19394385251425,0.0659701100564848,568.305123311714
-8.6271593909,-20.6663782213,8.75935215953986,-2.22388113198619,0.0610825880240805,568.775186258942
-8.9465053629,-21.0132316678,8.77948544109547,-2.25364274952595,0.0565870206874053,569.24666177602
-9.2785668147,-21.3491473396,8.7979546948188,-2.28388942948976,0.0526766276916316,569.719000792409
-9.6238928100,-21.6747351033,8.82002653427921,-2.31401421744515,0.0493970189457898,570.193613724002
-9.9818983664,-21.9919960607,8.84289070269141,-2.3442567242533,0.046673518407822,570.671967665669
-10.3515540221,-22.2997677781,8.86069836622985,-2.37469651476387,0.0442917289569173,571.152975704876
-10.7330621539,-22.5996643312,8.87355158873739,-2.40581609203767,0.0419350561208666,571.638245111762
-11.1279037965,-22.8924898520,8.88481794430191,-2.43704950817242,0.039282931797692,572.129820852014
-11.5387614233,-23.1771062761,8.8961076566767,-2.46793643109108,0.0361008934347072,572.629631314408
-11.9635181878,-23.4564088839,8.90657919915313,-2.49797652200775,0.0323936087496322,573.13798970733
-12.4012039836,-23.7247892336,8.9164778009459,-2.52789134180701,0.0283394866649895,573.651406563332
-12.8486689712,-23.9836682107,8.92690609593491,-2.55682496575463,0.0240799437795519,574.16836230605
-13.3089270074,-24.2358183933,8.93242765636684,-2.584406965391,0.0195915300519208,574.693164339619
-13.7789551327,-24.4842976978,8.93376399431661,-2.61104810718755,0.0147346740716852,575.224830027183
-14.2608520694,-24.7260482870,8.92989408869192,-2.63787959990727,0.00937423573249269,575.763966378159
-14.7570908746,-24.9594281192,8.92144000192037,-2.66398656587227,0.00347719851729597,576.312344986349
-15.2682298031,-25.1830700780,8.91228601328305,-2.68846736467198,-0.0027947728477489,576.870268574217
-15.7911640938,-25.3968196841,8.90324854445463,-2.71294787073735,-0.00915879340241027,577.435201460918
-16.3214295121,-25.6070774033,8.88956374866764,-2.73748886335875,-0.0153663186568438,578.005630880196
-16.8631204626,-25.8111034294,8.87349138000447,-2.76151858131862,-0.0212433004315972,578.584470845301
-17.4179985785,-26.0030387598,8.85097982710725,-2.7837789387955,-0.026771496719295,579.171607025861
-17.9874164435,-26.1815118486,8.8229416371058,-2.80507132224886,-0.0318987293596099,579.768339250905
-18.5688904564,-26.3511428888,8.79270240449527,-2.83088078407363,-0.0364523884191247,580.374050995504
-19.1606883375,-26.5143223884,8.76276801258103,-2.84735101944544,-0.0402418106791475,580.98793394939
-19.7637950427,-26.6715348574,8.73169361352512,-2.86611189130806,-0.0431805623509594,581.611194294912
-20.3767974321,-26.8208478405,8.69731178051514,-2.88303825408791,-0.0453480697054032,582.242119247984
-20.9984802933,-26.9606393295,8.65922964320069,-2.8989274783369,-0.0470322083350802,582.879325054791
-21.6332327980,-27.0937606926,8.61940265976763,-2.91355946692499,-0.0486109949996396,583.527886570444
-22.2829590187,-27.2243508439,8.57820550568614,-2.92745433639213,-0.0502927613519538,584.190606684402
-22.9434521503,-27.3536405788,8.53398171292646,-2.94118224195022,-0.0519751344535953,584.863634924839
-23.6138131210,-27.4760648005,8.48870299357078,-2.95482717774531,-0.0533539606168484,585.545083030771
-24.2947239880,-27.5907954754,8.44585146647026,-2.96741759564109,-0.0542125972726083,586.235592072374
-24.9840650642,-27.6982457556,8.40382989558385,-2.97950119710611,-0.0545600253551142,586.933257237138
-25.6791764611,-27.8013667890,8.35832433962538,-2.99159167134289,-0.054688331384487,587.635976100975
-26.3816662146,-27.8996619261,8.30933231398063,-3.00265457734527,-0.0549943002556945,588.345309441332
-27.0936412411,-27.9893144180,8.26037477716461,-3.01321765428446,-0.0557580638620947,589.062906826847
-27.8113837141,-28.0698369569,8.21281780871367,-3.02377550399858,-0.0569585641577329,589.785152032325
-28.5331048776,-28.1464089142,8.16628381474089,-3.03350501313058,-0.0582898316437255,590.510923830073
-29.2563219605,-28.2197412282,8.11814854734391,-3.04225995876344,-0.0593739234151704,591.237849257664
-29.9817900923,-28.2854741196,8.06671046815966,-3.05089058378412,-0.0599238842750583,591.96628925057
-30.7094856852,-28.3452198731,8.0160520743661,-3.05782412842778,-0.0598575188025679,592.696433367203
-31.4386575710,-28.4022131072,7.96715762848596,-3.06333684734135,-0.0593080251278866,593.427829202433
-32.1705370903,-28.4572937904,7.91826351805605,-3.06888657275144,-0.0585329632882569,594.161778459821
-32.9040273139,-28.5104584521,7.86955045777549,-3.07363578731015,-0.057806310754074,594.897192893588
-33.6414139161,-28.5633893891,7.8207930342307,-3.07692302573641,-0.0573506597790848,595.636476793881
-34.3828369311,-28.6160383082,7.77326645730541,-3.07991087154073,-0.0572567715657494,596.379766774889
-35.1260635778,-28.6661986823,7.72734567803283,-3.08243282744938,-0.057494149227404,597.12468416048
-35.8710960452,-28.7140311591,7.68075469812904,-3.08384594553602,-0.0579629122078896,597.871250516148
-36.6196299588,-28.7616302602,7.63040055896134,-3.08470101345641,-0.0584319958934339,598.621296310863
-37.3711877753,-28.8105533919,7.57861770479286,-3.08521736175526,-0.0586040990685098,599.374444785187
-38.1236363462,-28.8624256514,7.52879838205004,-3.08481759292156,-0.0581853341364738,600.128679220373
-38.8760852272,-28.9156338952,7.48148338984528,-3.08433028872417,-0.0570719286393624,600.883007024201
-39.6254072520,-28.9690848036,7.43760555141915,-3.0830997646922,-0.0555523380362569,601.63423301983
-40.3774044131,-29.0228780264,7.39143294837878,-3.08059185902654,-0.0541810647036581,602.388151742961
-41.1342781659,-29.0782691068,7.34310977330017,-3.07807765768733,-0.0534723148689453,603.147049660672
-41.8949587325,-29.1394450227,7.29401989978192,-3.07517869585166,-0.0536180048719617,603.910186225835
-42.6588084067,-29.2073532603,7.24837638228624,-3.07153411296447,-0.0543677880582777,604.677048569133
-43.4213467904,-29.2751992360,7.20238818039402,-3.06794566885377,-0.0552724812491243,605.442599261762
-44.1823431000,-29.3418874969,7.15481759579492,-3.06360607614857,-0.055957916091682,606.206512023388
-44.9444015539,-29.4141800714,7.10432858700698,-3.05824317054973,-0.056266257563635,606.971991809807
-45.7061893445,-29.4922268223,7.05404606386541,-3.05319292747992,-0.0561903972951402,607.737767190294
-46.4685622478,-29.5772199979,7.00473268427643,-3.04790825548537,-0.0557566630935806,608.504863197009
-47.2306029422,-29.6664935011,6.95857304710634,-3.04196476459895,-0.0549684315217159,609.272115292662
-47.9923878969,-29.7581721746,6.91235264102851,-3.03645040634825,-0.0538247888702397,610.039397050806
-48.7528660571,-29.8593380619,6.86744061023273,-3.03038192820913,-0.0523903320542745,610.806574715263
-49.5116824767,-29.9681093232,6.82331396040614,-3.02394477387013,-0.0508169603546372,611.573147311923
-50.2702710553,-30.0776515358,6.78121005677833,-3.01794901859815,-0.049352726515059,612.339604178288
-51.0286262685,-30.1932721416,6.74108598025536,-3.01083406881389,-0.0483031508463156,613.106722652739
-51.7872872898,-30.3195348020,6.69986909284238,-3.00339140350386,-0.0479277797571534,613.875818748574
-52.5460987857,-30.4501773858,6.65794747294662,-2.9962903418942,-0.0483097031370291,614.645794313807
-53.3041439008,-30.5847829803,6.61722791270218,-2.98844853935276,-0.0493807867007394,615.415697595106
-54.0622116671,-30.7276105125,6.57510518663904,-2.97994149032532,-0.0509303807583092,616.187103093116
-54.8192275909,-30.8826750796,6.52999122844673,-2.9718424044329,-0.0526371582459759,616.959837283379
-55.5731184112,-31.0409015304,6.48078173643286,-2.96329274024978,-0.0542090725038671,617.730153438346
-56.3260586920,-31.1999255864,6.43234627623738,-2.95430040401008,-0.0554554353011638,618.499703772511
-57.0777864768,-31.3629330078,6.383851921592,-2.94563806187483,-0.0563328810110333,619.268902109698
-57.8260353082,-31.5385039566,6.33178844241121,-2.93678983306032,-0.0568992581029086,620.037473168057
-58.5750262473,-31.7208429027,6.2790371155463,-2.92775429029512,-0.0572060575817731,620.808339510609
-59.3235536137,-31.9087225273,6.2281124704627,-2.91854702875853,-0.0573058372085229,621.580085564462
-60.0698363125,-32.1002810792,6.1797345766976,-2.90878580162756,-0.0572922227702474,622.350561096406
-60.8137060564,-32.2984337096,6.13121118981877,-2.89906072192988,-0.057359838960942,623.120370592846
-61.5556884094,-32.5051889479,6.08008143865213,-2.88985247926605,-0.0578114516205812,623.8906209033
-62.2993616538,-32.7217734287,6.0266826043203,-2.88040218690216,-0.0587796075658348,624.665190933553
-63.0432990624,-32.9472144977,5.97323936304713,-2.87090856056377,-0.0600928365074145,625.442536766211
-63.7858944725,-33.1753181116,5.92047904585557,-2.86202417322079,-0.0613777550597988,626.219376004209
-64.5269362529,-33.4096203615,5.86583734574018,-2.85283718778148,-0.0622345622927853,626.996576406039
-65.2622987735,-33.6487937917,5.81204797907391,-2.84410645780158,-0.062582890731242,627.769856411214
-65.9948777788,-33.8943330727,5.75848414589407,-2.83621281633862,-0.0626372392853582,628.542489272008
-66.7294233047,-34.1488685545,5.70257943035529,-2.82776171352693,-0.0626237508890745,629.31988585099
-67.4646499347,-34.4058996776,5.64597028439638,-2.81971594052486,-0.062588716311702,630.098746041113
-68.2012450819,-34.6683773611,5.58852737658268,-2.81198803990958,-0.0623112700090366,630.880709560232
-68.9329313030,-34.9402760893,5.53651716779491,-2.80442714126684,-0.0615274560331973,631.661282199081
-69.6560154914,-35.2168537303,5.48703649982167,-2.79791143677607,-0.0603318830160075,632.435456556125
-70.3793187098,-35.4948446257,5.43603358819486,-2.79157864304096,-0.0592262694725284,633.210341375707
-71.1047619506,-35.7788531284,5.38127718066418,-2.78508053760174,-0.0588069971967389,633.989397679989
-71.8310011756,-36.0696321516,5.32741517385587,-2.77969940009606,-0.0594297228926437,634.771686534683
-72.5601032735,-36.3653002507,5.27757247782144,-2.77476379737655,-0.0608838412460553,635.558458098798
-73.2894462918,-36.6604693745,5.22573973981106,-2.7693532386795,-0.0625477408327059,636.345265603765
-74.0128400494,-36.9590167640,5.16767309960315,-2.76431230613541,-0.063706637224915,637.127844080549
-74.7347291662,-37.2641844064,5.11148424428721,-2.76012134950337,-0.0638846773077648,637.911585866459
-75.4532549849,-37.5708484040,5.05709968117603,-2.75590412962853,-0.0629966772598767,638.692817048372
-76.1707512158,-37.8746835985,5.00433484378216,-2.7518965372599,-0.0613536195735991,639.471993964555
-76.8859435786,-38.1830275943,4.95423697916863,-2.74798827466382,-0.0594965180426584,640.250823943191
-77.6018627213,-38.4988274391,4.90307952942339,-2.74426094398344,-0.0579420362155755,641.033300627037
-78.3177727393,-38.8206985344,4.85201884698567,-2.74144354127762,-0.0569681062065858,641.818238940493
-79.0331836068,-39.1465924162,4.80296894085785,-2.73845047549874,-0.0565547860628698,642.604381123303
-79.7480893045,-39.4720750640,4.75608215653965,-2.73554240380785,-0.0565395366754895,643.389893128625
-80.4615252024,-39.7964922625,4.70707995402688,-2.73342644840593,-0.0567953379713461,644.173626054554
-81.1745054187,-40.1231145081,4.65675426793636,-2.7315666000642,-0.0572892450663035,644.957859999281
-81.8886989269,-40.4513609290,4.60551595250776,-2.73014201499955,-0.0580080591418239,645.743874045003
-82.6039127510,-40.7789609685,4.5538157512901,-2.72869849889834,-0.058869203592668,646.53054589525
-83.3178147932,-41.1088714338,4.50177241495078,-2.72657911428886,-0.0596731066600729,647.316991723667
-84.0303427596,-41.4379987555,4.4494685940173,-2.72462137026308,-0.0602235154506768,648.101861710845
-84.7389673028,-41.7730221041,4.39669898805948,-2.7227647836303,-0.0604080752846878,648.885691658769
-85.4484825275,-42.1082707566,4.34287334126793,-2.72044423655227,-0.0603222487904971,649.670423149905
-86.1587512255,-42.4370083088,4.28869071776124,-2.7183361362655,-0.0601951682888377,650.453078886206
-86.8684114128,-42.7656477064,4.23772206121417,-2.71596685484472,-0.0603798914288997,651.235141182364
-87.5720915765,-43.1103061892,4.1885450796993,-2.71301616797648,-0.0611507260814676,652.018694143333
-88.2800634458,-43.4596865068,4.12873617046911,-2.71118950744737,-0.062486290564933,652.808181808821
-88.9911508273,-43.8046167797,4.06960094202816,-2.70842530494033,-0.0640514083378729,653.598512219027
-89.7055581396,-44.1403670235,4.01506203233767,-2.70564511504916,-0.0654110529403399,654.387882876041
-90.4145388476,-44.4802165067,3.96336926902212,-2.70417872094271,-0.0662734734657273,655.174108871199
-91.1165220105,-44.8277792675,3.89981677846058,-2.70294758677734,-0.0666889515870865,655.957422495318
-91.8204576744,-45.1804565095,3.83938105068339,-2.7016046447484,-0.0669138321940965,656.744764006947
-92.5292342739,-45.5325969266,3.78036676130125,-2.70034095754533,-0.0671354158230864,657.536197605762
-93.2370182748,-45.8813628648,3.7262562316069,-2.6989026541162,-0.0674332383052193,658.325245051506
